userID;placeID;Rating;Food_Rating;Service_Rating;Accepts_Card;Cuisine_Category;Alkohol_Provided;Smoking_Allowed;Price_Level;Parking_Available;Smoker;Drinker;Has_Car;Budget;Distances_Category
U1077;135085;2;2;2;0.0;4;0.0;0.0;2.0;1.0;0;1;0;2;-1
U1077;132825;2;2;2;0.0;2;0.0;0.0;1.0;0.0;0;1;0;2;-1
U1077;135060;1;2;2;0.0;5;0.0;0.0;2.0;0.0;0;1;0;2;-1
U1068;135104;1;1;2;1.0;2;1.0;0.0;2.0;1.0;0;1;0;1;1
U1068;135104;1;1;2;1.0;2;1.0;0.0;2.0;1.0;0;1;0;1;1
U1068;132740;0;0;0;0.0;2;0.0;1.0;1.0;0.0;0;1;0;1;1
U1068;132732;0;0;0;0.0;2;0.0;0.0;1.0;0.0;0;1;0;1;1
U1067;132584;2;2;2;0.0;2;0.0;0.0;2.0;1.0;0;0;0;2;1
U1067;132733;1;1;1;1.0;1;0.0;0.0;2.0;1.0;0;0;0;2;1
U1067;132733;1;1;1;1.0;1;0.0;0.0;2.0;1.0;0;0;0;2;1
U1067;132733;1;1;1;1.0;1;0.0;0.0;2.0;1.0;0;0;0;2;1
U1067;132732;1;2;2;0.0;2;0.0;0.0;1.0;0.0;0;0;0;2;1
U1067;135104;0;0;0;1.0;2;1.0;0.0;2.0;1.0;0;0;0;2;1
U1067;135104;0;0;0;1.0;2;1.0;0.0;2.0;1.0;0;0;0;2;1
U1103;132584;1;2;1;0.0;2;0.0;0.0;2.0;1.0;0;0;0;2;1
U1103;132732;0;0;2;0.0;2;0.0;0.0;1.0;0.0;0;0;0;2;1
U1103;132613;2;2;2;0.0;2;0.0;1.0;2.0;1.0;0;0;0;2;1
U1103;132667;1;2;2;0.0;3;0.0;0.0;1.0;0.0;0;0;0;2;1
U1103;135104;1;2;0;1.0;2;1.0;0.0;2.0;1.0;0;0;0;2;1
U1103;135104;1;2;0;1.0;2;1.0;0.0;2.0;1.0;0;0;0;2;1
U1103;132733;2;2;2;1.0;1;0.0;0.0;2.0;1.0;0;0;0;2;1
U1103;132733;2;2;2;1.0;1;0.0;0.0;2.0;1.0;0;0;0;2;1
U1103;132733;2;2;2;1.0;1;0.0;0.0;2.0;1.0;0;0;0;2;1
U1107;132584;2;2;2;0.0;2;0.0;0.0;2.0;1.0;0;0;1;3;-1
U1107;132733;2;2;2;1.0;1;0.0;0.0;2.0;1.0;0;0;1;3;-1
U1107;132733;2;2;2;1.0;1;0.0;0.0;2.0;1.0;0;0;1;3;-1
U1107;132733;2;2;2;1.0;1;0.0;0.0;2.0;1.0;0;0;1;3;-1
U1044;135088;2;2;2;0.0;4;0.0;0.0;1.0;1.0;1;1;1;2;0
U1044;132583;1;2;1;1.0;2;0.0;0.0;1.0;0.0;1;1;1;2;0
U1044;132583;1;2;1;1.0;2;0.0;0.0;1.0;0.0;1;1;1;2;0
U1044;132583;1;2;1;1.0;2;0.0;0.0;1.0;0.0;1;1;1;2;0
U1070;132608;2;2;1;0.0;2;0.0;1.0;1.0;1.0;0;1;0;1;1
U1070;132609;1;1;1;0.0;4;0.0;0.0;1.0;1.0;0;1;0;1;1
U1070;132613;1;1;0;0.0;2;0.0;1.0;2.0;1.0;0;1;0;1;1
U1023;132715;0;0;0;0.0;2;0.0;0.0;1.0;0.0;0;1;1;1;1
U1023;132717;0;0;0;0.0;4;0.0;0.0;2.0;1.0;0;1;1;1;1
U1082;132613;0;0;0;0.0;2;0.0;1.0;2.0;1.0;1;0;0;2;0
U1082;132594;0;0;0;0.0;2;0.0;0.0;1.0;1.0;1;0;0;2;0
U1082;132608;0;0;0;0.0;2;0.0;1.0;1.0;1.0;1;0;0;2;0
U1082;132609;0;0;0;0.0;4;0.0;0.0;1.0;1.0;1;0;0;2;0
U1060;132717;2;2;2;0.0;4;0.0;0.0;2.0;1.0;0;1;0;2;1
U1060;132733;2;1;2;1.0;1;0.0;0.0;2.0;1.0;0;1;0;2;1
U1060;132733;2;1;2;1.0;1;0.0;0.0;2.0;1.0;0;1;0;2;1
U1060;132733;2;1;2;1.0;1;0.0;0.0;2.0;1.0;0;1;0;2;1
U1060;132740;1;2;1;0.0;2;0.0;1.0;1.0;0.0;0;1;0;2;1
U1015;135071;0;0;0;1.0;4;1.0;1.0;2.0;1.0;1;1;0;2;1
U1015;135071;0;0;0;1.0;4;1.0;1.0;2.0;1.0;1;1;0;2;1
U1015;135071;0;0;0;1.0;4;1.0;1.0;2.0;1.0;1;1;0;2;1
U1123;132733;1;2;1;1.0;1;0.0;0.0;2.0;1.0;0;0;0;2;1
U1123;132733;1;2;1;1.0;1;0.0;0.0;2.0;1.0;0;0;0;2;1
U1123;132733;1;2;1;1.0;1;0.0;0.0;2.0;1.0;0;0;0;2;1
U1123;132608;1;2;1;0.0;2;0.0;1.0;1.0;1.0;0;0;0;2;1
U1123;135104;2;2;2;1.0;2;1.0;0.0;2.0;1.0;0;0;0;2;1
U1123;135104;2;2;2;1.0;2;1.0;0.0;2.0;1.0;0;0;0;2;1
U1123;132584;1;2;0;0.0;2;0.0;0.0;2.0;1.0;0;0;0;2;1
U1123;132667;1;2;1;0.0;3;0.0;0.0;1.0;0.0;0;0;0;2;1
U1123;132740;1;1;1;0.0;2;0.0;1.0;1.0;0.0;0;0;0;2;1
U1123;132613;1;2;1;0.0;2;0.0;1.0;2.0;1.0;0;0;0;2;1
U1123;132594;1;1;1;0.0;2;0.0;0.0;1.0;1.0;0;0;0;2;1
U1021;132740;2;2;1;0.0;2;0.0;1.0;1.0;0.0;0;1;1;2;1
U1026;132626;2;2;2;1.0;1;0.0;0.0;2.0;1.0;0;0;0;2;1
U1021;132715;2;2;1;0.0;2;0.0;0.0;1.0;0.0;0;1;1;2;1
U1083;135034;2;2;2;1.0;1;0.0;0.0;2.0;0.0;0;0;0;2;0
U1083;135034;2;2;2;1.0;1;0.0;0.0;2.0;0.0;0;0;0;2;0
U1083;135034;2;2;2;1.0;1;0.0;0.0;2.0;0.0;0;0;0;2;0
U1083;132723;1;1;1;1.0;2;1.0;1.0;2.0;1.0;0;0;0;2;0
U1083;135046;2;2;1;1.0;4;0.0;0.0;2.0;1.0;0;0;0;2;0
U1083;135046;2;2;1;1.0;4;0.0;0.0;2.0;1.0;0;0;0;2;0
U1108;135075;2;2;2;0.0;5;0.0;0.0;2.0;1.0;0;0;0;2;-1
U1108;132572;1;2;1;0.0;4;0.0;0.0;1.0;1.0;0;0;0;2;-1
U1108;135074;2;2;1;1.0;5;1.0;1.0;3.0;1.0;0;0;0;2;-1
U1108;135074;2;2;1;1.0;5;1.0;1.0;3.0;1.0;0;0;0;2;-1
U1108;135028;1;1;1;1.0;2;1.0;0.0;2.0;0.0;0;0;0;2;-1
U1108;135028;1;1;1;1.0;2;1.0;0.0;2.0;0.0;0;0;0;2;-1
U1108;135028;1;1;1;1.0;2;1.0;0.0;2.0;0.0;0;0;0;2;-1
U1108;135085;1;2;1;0.0;4;0.0;0.0;2.0;1.0;0;0;0;2;-1
U1108;135032;2;1;2;1.0;4;1.0;1.0;2.0;1.0;0;0;0;2;-1
U1108;135032;2;1;2;1.0;4;1.0;1.0;2.0;1.0;0;0;0;2;-1
U1108;135086;1;1;0;1.0;4;0.0;0.0;2.0;1.0;0;0;0;2;-1
U1108;135086;1;1;0;1.0;4;0.0;0.0;2.0;1.0;0;0;0;2;-1
U1108;132723;2;2;2;1.0;2;1.0;1.0;2.0;1.0;0;0;0;2;-1
U1108;135046;1;2;1;1.0;4;0.0;0.0;2.0;1.0;0;0;0;2;-1
U1108;135046;1;2;1;1.0;4;0.0;0.0;2.0;1.0;0;0;0;2;-1
U1108;135058;1;1;1;1.0;1;0.0;0.0;2.0;1.0;0;0;0;2;-1
U1108;135058;1;1;1;1.0;1;0.0;0.0;2.0;1.0;0;0;0;2;-1
U1012;134983;2;2;2;1.0;4;1.0;1.0;3.0;1.0;0;1;0;2;1
U1012;134983;2;2;2;1.0;4;1.0;1.0;3.0;1.0;0;1;0;2;1
U1093;134976;2;2;1;1.0;2;0.0;0.0;1.0;1.0;1;1;1;2;0
U1093;134976;2;2;1;1.0;2;0.0;0.0;1.0;1.0;1;1;1;2;0
U1093;134976;2;2;1;1.0;2;0.0;0.0;1.0;1.0;1;1;1;2;0
U1030;135018;2;2;2;1.0;2;1.0;1.0;2.0;1.0;0;1;0;2;1
U1030;135018;2;2;2;1.0;2;1.0;1.0;2.0;1.0;0;1;0;2;1
U1030;135018;2;2;2;1.0;2;1.0;1.0;2.0;1.0;0;1;0;2;1
U1012;135018;2;2;2;1.0;2;1.0;1.0;2.0;1.0;0;1;0;2;1
U1012;135018;2;2;2;1.0;2;1.0;1.0;2.0;1.0;0;1;0;2;1
U1012;135018;2;2;2;1.0;2;1.0;1.0;2.0;1.0;0;1;0;2;1
U1030;135088;1;0;1;0.0;4;0.0;0.0;1.0;1.0;0;1;0;2;1
U1030;135109;0;0;0;0.0;1;1.0;0.0;2.0;0.0;0;1;0;2;1
U1127;135021;2;1;1;0.0;4;0.0;0.0;1.0;1.0;0;0;0;1;1
U1017;132768;1;1;1;1.0;5;0.0;0.0;2.0;0.0;0;1;0;2;1
U1017;134983;0;0;1;1.0;4;1.0;1.0;3.0;1.0;0;1;0;2;1
U1017;134983;0;0;1;1.0;4;1.0;1.0;3.0;1.0;0;1;0;2;1
U1100;135021;2;1;0;0.0;4;0.0;0.0;1.0;1.0;0;1;0;2;0
U1100;132768;2;2;2;1.0;5;0.0;0.0;2.0;0.0;0;1;0;2;0
U1100;134976;2;2;1;1.0;2;0.0;0.0;1.0;1.0;0;1;0;2;0
U1100;134976;2;2;1;1.0;2;0.0;0.0;1.0;1.0;0;1;0;2;0
U1100;134976;2;2;1;1.0;2;0.0;0.0;1.0;1.0;0;1;0;2;0
U1133;134983;1;1;1;1.0;4;1.0;1.0;3.0;1.0;0;0;1;2;1
U1133;134983;1;1;1;1.0;4;1.0;1.0;3.0;1.0;0;0;1;2;1
U1133;132766;1;1;0;0.0;1;1.0;0.0;2.0;1.0;0;0;1;2;1
U1133;135021;2;2;2;0.0;4;0.0;0.0;1.0;1.0;0;0;1;2;1
U1072;132773;2;1;2;0.0;5;1.0;1.0;1.0;0.0;0;1;0;2;0
U1072;135088;0;1;0;0.0;4;0.0;0.0;1.0;1.0;0;1;0;2;0
U1026;132706;0;2;0;1.0;2;0.0;0.0;2.0;1.0;0;0;0;2;1
U1023;132740;0;0;0;0.0;2;0.0;1.0;1.0;0.0;0;1;1;1;1
U1023;132733;2;2;2;1.0;1;0.0;0.0;2.0;1.0;0;1;1;1;1
U1023;132733;2;2;2;1.0;1;0.0;0.0;2.0;1.0;0;1;1;1;1
U1023;132733;2;2;2;1.0;1;0.0;0.0;2.0;1.0;0;1;1;1;1
U1080;132733;1;1;1;1.0;1;0.0;0.0;2.0;1.0;1;1;1;1;-1
U1080;132733;1;1;1;1.0;1;0.0;0.0;2.0;1.0;1;1;1;1;-1
U1080;132733;1;1;1;1.0;1;0.0;0.0;2.0;1.0;1;1;1;1;-1
U1080;132608;2;2;2;0.0;2;0.0;1.0;1.0;1.0;1;1;1;1;-1
U1063;132584;2;1;1;0.0;2;0.0;0.0;2.0;1.0;0;1;0;2;0
U1063;132609;1;0;1;0.0;4;0.0;0.0;1.0;1.0;0;1;0;2;0
U1063;135104;1;2;1;1.0;2;1.0;0.0;2.0;1.0;0;1;0;2;0
U1063;135104;1;2;1;1.0;2;1.0;0.0;2.0;1.0;0;1;0;2;0
U1063;132667;1;2;1;0.0;3;0.0;0.0;1.0;0.0;0;1;0;2;0
U1080;132715;1;1;1;0.0;2;0.0;0.0;1.0;0.0;1;1;1;1;-1
U1082;132732;0;0;0;0.0;2;0.0;0.0;1.0;0.0;1;0;0;2;0
U1082;132733;0;0;0;1.0;1;0.0;0.0;2.0;1.0;1;0;0;2;0
U1082;132733;0;0;0;1.0;1;0.0;0.0;2.0;1.0;1;0;0;2;0
U1082;132733;0;0;0;1.0;1;0.0;0.0;2.0;1.0;1;0;0;2;0
U1074;134976;2;2;2;1.0;2;0.0;0.0;1.0;1.0;1;1;1;2;0
U1074;134976;2;2;2;1.0;2;0.0;0.0;1.0;1.0;1;1;1;2;0
U1074;134976;2;2;2;1.0;2;0.0;0.0;1.0;1.0;1;1;1;2;0
U1117;135018;1;1;1;1.0;2;1.0;1.0;2.0;1.0;0;0;0;2;0
U1117;135018;1;1;1;1.0;2;1.0;1.0;2.0;1.0;0;0;0;2;0
U1117;135018;1;1;1;1.0;2;1.0;1.0;2.0;1.0;0;0;0;2;0
U1117;132766;0;0;1;0.0;1;1.0;0.0;2.0;1.0;0;0;0;2;0
U1117;135088;1;1;2;0.0;4;0.0;0.0;1.0;1.0;0;0;0;2;0
U1117;132773;1;2;2;0.0;5;1.0;1.0;1.0;0.0;0;0;0;2;0
U1118;132583;0;0;0;1.0;2;0.0;0.0;1.0;0.0;1;1;0;2;-1
U1118;132583;0;0;0;1.0;2;0.0;0.0;1.0;0.0;1;1;0;2;-1
U1118;132583;0;0;0;1.0;2;0.0;0.0;1.0;0.0;1;1;0;2;-1
U1118;132768;0;0;0;1.0;5;0.0;0.0;2.0;0.0;1;1;0;2;-1
U1118;135021;2;0;0;0.0;4;0.0;0.0;1.0;1.0;1;1;0;2;-1
U1118;134983;0;0;0;1.0;4;1.0;1.0;3.0;1.0;1;1;0;2;-1
U1118;134983;0;0;0;1.0;4;1.0;1.0;3.0;1.0;1;1;0;2;-1
U1020;135088;1;2;0;0.0;4;0.0;0.0;1.0;1.0;0;0;0;2;1
U1020;132768;2;2;2;1.0;5;0.0;0.0;2.0;0.0;0;0;0;2;1
U1020;135109;2;2;1;0.0;1;1.0;0.0;2.0;0.0;0;0;0;2;1
U1051;135088;1;1;1;0.0;4;0.0;0.0;1.0;1.0;0;1;0;2;1
U1051;135109;1;1;1;0.0;1;1.0;0.0;2.0;0.0;0;1;0;2;1
U1051;132768;1;2;1;1.0;5;0.0;0.0;2.0;0.0;0;1;0;2;1
U1055;135075;2;2;2;0.0;5;0.0;0.0;2.0;1.0;0;0;1;2;1
U1055;132572;2;2;2;0.0;4;0.0;0.0;1.0;1.0;0;0;1;2;1
U1055;135028;2;2;2;1.0;2;1.0;0.0;2.0;0.0;0;0;1;2;1
U1055;135028;2;2;2;1.0;2;1.0;0.0;2.0;0.0;0;0;1;2;1
U1055;135028;2;2;2;1.0;2;1.0;0.0;2.0;0.0;0;0;1;2;1
U1055;135025;2;2;2;1.0;2;0.0;0.0;2.0;0.0;0;0;1;2;1
U1055;135025;2;2;2;1.0;2;0.0;0.0;2.0;0.0;0;0;1;2;1
U1055;135025;2;2;2;1.0;2;0.0;0.0;2.0;0.0;0;0;1;2;1
U1083;132572;2;2;2;0.0;4;0.0;0.0;1.0;1.0;0;0;0;2;0
U1083;135049;0;0;0;0.0;5;0.0;0.0;2.0;0.0;0;0;0;2;0
U1055;135106;2;2;2;1.0;2;1.0;1.0;2.0;0.0;0;0;1;2;1
U1055;135106;2;2;2;1.0;2;1.0;1.0;2.0;0.0;0;0;1;2;1
U1083;135072;1;2;2;1.0;1;0.0;0.0;2.0;0.0;0;0;0;2;0
U1083;135072;1;2;2;1.0;1;0.0;0.0;2.0;0.0;0;0;0;2;0
U1083;135072;1;2;2;1.0;1;0.0;0.0;2.0;0.0;0;0;0;2;0
U1083;135074;2;2;2;1.0;5;1.0;1.0;3.0;1.0;0;0;0;2;0
U1083;135074;2;2;2;1.0;5;1.0;1.0;3.0;1.0;0;0;0;2;0
U1083;132755;2;2;2;1.0;2;0.0;0.0;2.0;1.0;0;0;0;2;0
U1083;132755;2;2;2;1.0;2;0.0;0.0;2.0;1.0;0;0;0;2;0
U1083;132755;2;2;2;1.0;2;0.0;0.0;2.0;1.0;0;0;0;2;0
U1083;135044;1;2;2;0.0;3;0.0;0.0;2.0;0.0;0;0;0;2;0
U1055;135048;2;2;2;1.0;4;1.0;0.0;3.0;1.0;0;0;1;2;1
U1055;135048;2;2;2;1.0;4;1.0;0.0;3.0;1.0;0;0;1;2;1
U1055;135048;2;2;2;1.0;4;1.0;0.0;3.0;1.0;0;0;1;2;1
U1055;132754;2;2;2;0.0;2;0.0;0.0;2.0;0.0;0;0;1;2;1
U1055;132825;2;2;2;0.0;2;0.0;0.0;1.0;0.0;0;0;1;2;1
U1053;135032;2;2;1;1.0;4;1.0;1.0;2.0;1.0;0;1;0;1;1
U1053;135032;2;2;1;1.0;4;1.0;1.0;2.0;1.0;0;1;0;1;1
U1053;132825;1;2;0;0.0;2;0.0;0.0;1.0;0.0;0;1;0;1;1
U1035;135018;1;2;1;1.0;2;1.0;1.0;2.0;1.0;1;1;1;2;1
U1035;135018;1;2;1;1.0;2;1.0;1.0;2.0;1.0;1;1;1;2;1
U1035;135018;1;2;1;1.0;2;1.0;1.0;2.0;1.0;1;1;1;2;1
U1035;132773;2;1;2;0.0;5;1.0;1.0;1.0;0.0;1;1;1;2;1
U1053;135042;2;1;2;0.0;3;0.0;0.0;2.0;0.0;0;1;0;1;1
U1053;135053;2;2;0;1.0;4;0.0;1.0;3.0;1.0;0;1;0;1;1
U1053;135053;2;2;0;1.0;4;0.0;1.0;3.0;1.0;0;1;0;1;1
U1053;135053;2;2;0;1.0;4;0.0;1.0;3.0;1.0;0;1;0;1;1
U1053;132754;1;2;1;0.0;2;0.0;0.0;2.0;0.0;0;1;0;1;1
U1035;132583;1;0;2;1.0;2;0.0;0.0;1.0;0.0;1;1;1;2;1
U1035;132583;1;0;2;1.0;2;0.0;0.0;1.0;0.0;1;1;1;2;1
U1035;132583;1;0;2;1.0;2;0.0;0.0;1.0;0.0;1;1;1;2;1
U1053;135025;2;1;2;1.0;2;0.0;0.0;2.0;0.0;0;1;0;1;1
U1053;135025;2;1;2;1.0;2;0.0;0.0;2.0;0.0;0;1;0;1;1
U1053;135025;2;1;2;1.0;2;0.0;0.0;2.0;0.0;0;1;0;1;1
U1053;135060;2;2;1;0.0;5;0.0;0.0;2.0;0.0;0;1;0;1;1
U1064;135042;1;2;1;0.0;3;0.0;0.0;2.0;0.0;0;1;0;2;0
U1081;135069;1;0;1;0.0;4;1.0;0.0;1.0;1.0;0;1;0;1;-1
U1064;135057;1;1;2;1.0;4;1.0;1.0;2.0;1.0;0;1;0;2;0
U1064;135057;1;1;2;1.0;4;1.0;1.0;2.0;1.0;0;1;0;2;0
U1064;135057;1;1;2;1.0;4;1.0;1.0;2.0;1.0;0;1;0;2;0
U1081;135043;0;0;1;0.0;4;0.0;0.0;2.0;0.0;0;1;0;1;-1
U1064;135069;0;0;1;0.0;4;1.0;0.0;1.0;1.0;0;1;0;2;0
U1081;135039;0;0;0;0.0;5;0.0;1.0;1.0;1.0;0;1;0;1;-1
U1064;135060;1;0;1;0.0;5;0.0;0.0;2.0;0.0;0;1;0;2;0
U1064;135052;2;0;2;1.0;4;1.0;0.0;3.0;0.0;0;1;0;2;0
U1064;135052;2;0;2;1.0;4;1.0;0.0;3.0;0.0;0;1;0;2;0
U1081;132825;1;0;1;0.0;2;0.0;0.0;1.0;0.0;0;1;0;1;-1
U1081;135032;0;1;1;1.0;4;1.0;1.0;2.0;1.0;0;1;0;1;-1
U1081;135032;0;1;1;1.0;4;1.0;1.0;2.0;1.0;0;1;0;1;-1
U1081;135028;1;2;2;1.0;2;1.0;0.0;2.0;0.0;0;1;0;1;-1
U1081;135028;1;2;2;1.0;2;1.0;0.0;2.0;0.0;0;1;0;1;-1
U1081;135028;1;2;2;1.0;2;1.0;0.0;2.0;0.0;0;1;0;1;-1
U1081;135085;1;2;1;0.0;4;0.0;0.0;2.0;1.0;0;1;0;1;-1
U1081;135052;0;1;1;1.0;4;1.0;0.0;3.0;0.0;0;1;0;1;-1
U1081;135052;0;1;1;1.0;4;1.0;0.0;3.0;0.0;0;1;0;1;-1
U1081;135030;1;1;1;0.0;4;0.0;0.0;2.0;0.0;0;1;0;1;-1
U1081;135027;0;1;1;1.0;2;1.0;0.0;2.0;0.0;0;1;0;1;-1
U1081;135027;0;1;1;1.0;2;1.0;0.0;2.0;0.0;0;1;0;1;-1
U1081;135027;0;1;1;1.0;2;1.0;0.0;2.0;0.0;0;1;0;1;-1
U1001;132825;2;2;1;0.0;2;0.0;0.0;1.0;0.0;0;0;0;2;1
U1014;135069;1;0;1;0.0;4;1.0;0.0;1.0;1.0;0;0;0;2;1
U1088;135057;1;2;2;1.0;4;1.0;1.0;2.0;1.0;0;1;0;2;0
U1088;135057;1;2;2;1.0;4;1.0;1.0;2.0;1.0;0;1;0;2;0
U1088;135057;1;2;2;1.0;4;1.0;1.0;2.0;1.0;0;1;0;2;0
U1014;135057;1;0;2;1.0;4;1.0;1.0;2.0;1.0;0;0;0;2;1
U1014;135057;1;0;2;1.0;4;1.0;1.0;2.0;1.0;0;0;0;2;1
U1014;135057;1;0;2;1.0;4;1.0;1.0;2.0;1.0;0;0;0;2;1
U1088;135041;2;2;2;0.0;4;1.0;0.0;2.0;0.0;0;1;0;2;0
U1088;135069;1;2;2;0.0;4;1.0;0.0;1.0;1.0;0;1;0;2;0
U1014;135043;1;0;0;0.0;4;0.0;0.0;2.0;0.0;0;0;0;2;1
U1014;135042;1;1;0;0.0;3;0.0;0.0;2.0;0.0;0;0;0;2;1
U1088;135071;0;0;0;1.0;4;1.0;1.0;2.0;1.0;0;1;0;2;0
U1088;135071;0;0;0;1.0;4;1.0;1.0;2.0;1.0;0;1;0;2;0
U1088;135071;0;0;0;1.0;4;1.0;1.0;2.0;1.0;0;1;0;2;0
U1088;135054;2;2;2;1.0;5;0.0;0.0;3.0;1.0;0;1;0;2;0
U1088;135054;2;2;2;1.0;5;0.0;0.0;3.0;1.0;0;1;0;2;0
U1088;135032;2;2;2;1.0;4;1.0;1.0;2.0;1.0;0;1;0;2;0
U1088;135032;2;2;2;1.0;4;1.0;1.0;2.0;1.0;0;1;0;2;0
U1056;135027;2;2;2;1.0;2;1.0;0.0;2.0;0.0;0;1;0;2;1
U1056;135027;2;2;2;1.0;2;1.0;0.0;2.0;0.0;0;1;0;2;1
U1056;135027;2;2;2;1.0;2;1.0;0.0;2.0;0.0;0;1;0;2;1
U1056;135085;2;2;2;0.0;4;0.0;0.0;2.0;1.0;0;1;0;2;1
U1056;135052;2;2;2;1.0;4;1.0;0.0;3.0;0.0;0;1;0;2;1
U1056;135052;2;2;2;1.0;4;1.0;0.0;3.0;0.0;0;1;0;2;1
U1056;132825;2;2;2;0.0;2;0.0;0.0;1.0;0.0;0;1;0;2;1
U1134;135044;1;1;1;0.0;3;0.0;0.0;2.0;0.0;0;1;0;2;1
U1134;132825;1;2;1;0.0;2;0.0;0.0;1.0;0.0;0;1;0;2;1
U1134;135059;2;1;0;0.0;4;1.0;1.0;2.0;1.0;0;1;0;2;1
U1134;135046;2;1;1;1.0;4;0.0;0.0;2.0;1.0;0;1;0;2;1
U1134;135046;2;1;1;1.0;4;0.0;0.0;2.0;1.0;0;1;0;2;1
U1134;135085;2;1;2;0.0;4;0.0;0.0;2.0;1.0;0;1;0;2;1
U1134;135079;1;1;2;1.0;3;0.0;0.0;3.0;0.0;0;1;0;2;1
U1134;135055;2;2;2;1.0;2;0.0;1.0;3.0;1.0;0;1;0;2;1
U1134;135055;2;2;2;1.0;2;0.0;1.0;3.0;1.0;0;1;0;2;1
U1134;135055;2;2;2;1.0;2;0.0;1.0;3.0;1.0;0;1;0;2;1
U1134;132754;2;1;1;0.0;2;0.0;0.0;2.0;0.0;0;1;0;2;1
U1134;132572;0;0;0;0.0;4;0.0;0.0;1.0;1.0;0;1;0;2;1
U1134;135075;2;1;1;0.0;5;0.0;0.0;2.0;1.0;0;1;0;2;1
U1134;135074;2;2;2;1.0;5;1.0;1.0;3.0;1.0;0;1;0;2;1
U1134;135074;2;2;2;1.0;5;1.0;1.0;3.0;1.0;0;1;0;2;1
U1106;135041;1;1;1;0.0;4;1.0;0.0;2.0;0.0;0;1;1;2;1
U1126;135069;0;0;0;0.0;4;1.0;0.0;1.0;1.0;0;1;0;1;1
U1106;135032;0;0;0;1.0;4;1.0;1.0;2.0;1.0;0;1;1;2;1
U1106;135032;0;0;0;1.0;4;1.0;1.0;2.0;1.0;0;1;1;2;1
U1126;135057;2;2;2;1.0;4;1.0;1.0;2.0;1.0;0;1;0;1;1
U1126;135057;2;2;2;1.0;4;1.0;1.0;2.0;1.0;0;1;0;1;1
U1126;135057;2;2;2;1.0;4;1.0;1.0;2.0;1.0;0;1;0;1;1
U1106;135028;2;1;0;1.0;2;1.0;0.0;2.0;0.0;0;1;1;2;1
U1106;135028;2;1;0;1.0;2;1.0;0.0;2.0;0.0;0;1;1;2;1
U1106;135028;2;1;0;1.0;2;1.0;0.0;2.0;0.0;0;1;1;2;1
U1126;135106;2;2;2;1.0;2;1.0;1.0;2.0;0.0;0;1;0;1;1
U1126;135106;2;2;2;1.0;2;1.0;1.0;2.0;0.0;0;1;0;1;1
U1126;135052;2;1;1;1.0;4;1.0;0.0;3.0;0.0;0;1;0;1;1
U1126;135052;2;1;1;1.0;4;1.0;0.0;3.0;0.0;0;1;0;1;1
U1126;135041;2;1;1;0.0;4;1.0;0.0;2.0;0.0;0;1;0;1;1
U1126;135054;1;2;1;1.0;5;0.0;0.0;3.0;1.0;0;1;0;1;1
U1126;135054;1;2;1;1.0;5;0.0;0.0;3.0;1.0;0;1;0;1;1
U1124;135054;1;1;1;1.0;5;0.0;0.0;3.0;1.0;0;1;0;1;1
U1124;135054;1;1;1;1.0;5;0.0;0.0;3.0;1.0;0;1;0;1;1
U1044;132768;2;2;2;1.0;5;0.0;0.0;2.0;0.0;1;1;1;2;0
U1124;135032;1;1;1;1.0;4;1.0;1.0;2.0;1.0;0;1;0;1;1
U1124;135032;1;1;1;1.0;4;1.0;1.0;2.0;1.0;0;1;0;1;1
U1124;135071;1;0;1;1.0;4;1.0;1.0;2.0;1.0;0;1;0;1;1
U1124;135071;1;0;1;1.0;4;1.0;1.0;2.0;1.0;0;1;0;1;1
U1124;135071;1;0;1;1.0;4;1.0;1.0;2.0;1.0;0;1;0;1;1
U1124;135069;1;1;1;0.0;4;1.0;0.0;1.0;1.0;0;1;0;1;1
U1124;135057;1;1;1;1.0;4;1.0;1.0;2.0;1.0;0;1;0;1;1
U1124;135057;1;1;1;1.0;4;1.0;1.0;2.0;1.0;0;1;0;1;1
U1124;135057;1;1;1;1.0;4;1.0;1.0;2.0;1.0;0;1;0;1;1
U1124;135039;1;1;1;0.0;5;0.0;1.0;1.0;1.0;0;1;0;1;1
U1018;135043;0;0;0;0.0;4;0.0;0.0;2.0;0.0;1;1;0;1;1
U1125;135043;1;1;2;0.0;4;0.0;0.0;2.0;0.0;0;1;0;1;1
U1125;135032;1;2;1;1.0;4;1.0;1.0;2.0;1.0;0;1;0;1;1
U1125;135032;1;2;1;1.0;4;1.0;1.0;2.0;1.0;0;1;0;1;1
U1119;135021;0;0;0;0.0;4;0.0;0.0;1.0;1.0;0;0;0;2;-1
U1125;135042;1;1;1;0.0;3;0.0;0.0;2.0;0.0;0;1;0;1;1
U1119;132583;2;2;2;1.0;2;0.0;0.0;1.0;0.0;0;0;0;2;-1
U1119;132583;2;2;2;1.0;2;0.0;0.0;1.0;0.0;0;0;0;2;-1
U1119;132583;2;2;2;1.0;2;0.0;0.0;1.0;0.0;0;0;0;2;-1
U1119;132768;2;2;2;1.0;5;0.0;0.0;2.0;0.0;0;0;0;2;-1
U1125;135060;1;0;2;0.0;5;0.0;0.0;2.0;0.0;0;1;0;1;1
U1018;135057;1;1;0;1.0;4;1.0;1.0;2.0;1.0;1;1;0;1;1
U1018;135057;1;1;0;1.0;4;1.0;1.0;2.0;1.0;1;1;0;1;1
U1018;135057;1;1;0;1.0;4;1.0;1.0;2.0;1.0;1;1;0;1;1
U1018;135032;1;1;1;1.0;4;1.0;1.0;2.0;1.0;1;1;0;1;1
U1018;135032;1;1;1;1.0;4;1.0;1.0;2.0;1.0;1;1;0;1;1
U1018;135025;1;1;1;1.0;2;0.0;0.0;2.0;0.0;1;1;0;1;1
U1018;135025;1;1;1;1.0;2;0.0;0.0;2.0;0.0;1;1;0;1;1
U1018;135025;1;1;1;1.0;2;0.0;0.0;2.0;0.0;1;1;0;1;1
U1018;135069;0;1;1;0.0;4;1.0;0.0;1.0;1.0;1;1;0;1;1
U1076;135039;2;2;1;0.0;5;0.0;1.0;1.0;1.0;0;1;0;2;-1
U1076;135027;0;1;1;1.0;2;1.0;0.0;2.0;0.0;0;1;0;2;-1
U1076;135027;0;1;1;1.0;2;1.0;0.0;2.0;0.0;0;1;0;2;-1
U1076;135027;0;1;1;1.0;2;1.0;0.0;2.0;0.0;0;1;0;2;-1
U1076;135042;2;2;2;0.0;3;0.0;0.0;2.0;0.0;0;1;0;2;-1
U1076;135073;2;1;1;1.0;4;1.0;1.0;3.0;1.0;0;1;0;2;-1
U1076;135073;2;1;1;1.0;4;1.0;1.0;3.0;1.0;0;1;0;2;-1
U1022;135025;0;0;0;1.0;2;0.0;0.0;2.0;0.0;0;1;1;2;1
U1022;135025;0;0;0;1.0;2;0.0;0.0;2.0;0.0;0;1;1;2;1
U1022;135025;0;0;0;1.0;2;0.0;0.0;2.0;0.0;0;1;1;2;1
U1022;135032;1;1;2;1.0;4;1.0;1.0;2.0;1.0;0;1;1;2;1
U1022;135032;1;1;2;1.0;4;1.0;1.0;2.0;1.0;0;1;1;2;1
U1022;135057;2;2;2;1.0;4;1.0;1.0;2.0;1.0;0;1;1;2;1
U1022;135057;2;2;2;1.0;4;1.0;1.0;2.0;1.0;0;1;1;2;1
U1022;135057;2;2;2;1.0;4;1.0;1.0;2.0;1.0;0;1;1;2;1
U1022;135060;1;1;2;0.0;5;0.0;0.0;2.0;0.0;0;1;1;2;1
U1022;135052;2;2;2;1.0;4;1.0;0.0;3.0;0.0;0;1;1;2;1
U1022;135052;2;2;2;1.0;4;1.0;0.0;3.0;0.0;0;1;1;2;1
U1022;135073;2;2;2;1.0;4;1.0;1.0;3.0;1.0;0;1;1;2;1
U1022;135073;2;2;2;1.0;4;1.0;1.0;3.0;1.0;0;1;1;2;1
U1094;135054;0;0;0;1.0;5;0.0;0.0;3.0;1.0;0;0;0;2;-1
U1094;135054;0;0;0;1.0;5;0.0;0.0;3.0;1.0;0;0;0;2;-1
U1094;135057;0;1;0;1.0;4;1.0;1.0;2.0;1.0;0;0;0;2;-1
U1094;135057;0;1;0;1.0;4;1.0;1.0;2.0;1.0;0;0;0;2;-1
U1094;135057;0;1;0;1.0;4;1.0;1.0;2.0;1.0;0;0;0;2;-1
U1094;135071;0;1;0;1.0;4;1.0;1.0;2.0;1.0;0;0;0;2;-1
U1094;135071;0;1;0;1.0;4;1.0;1.0;2.0;1.0;0;0;0;2;-1
U1094;135071;0;1;0;1.0;4;1.0;1.0;2.0;1.0;0;0;0;2;-1
U1094;135069;0;1;0;0.0;4;1.0;0.0;1.0;1.0;0;0;0;2;-1
U1116;135060;0;0;0;0.0;5;0.0;0.0;2.0;0.0;0;1;0;2;-1
U1116;135085;2;2;2;0.0;4;0.0;0.0;2.0;1.0;0;1;0;2;-1
U1116;135052;2;2;2;1.0;4;1.0;0.0;3.0;0.0;0;1;0;2;-1
U1116;135052;2;2;2;1.0;4;1.0;0.0;3.0;0.0;0;1;0;2;-1
U1116;135025;2;2;2;1.0;2;0.0;0.0;2.0;0.0;0;1;0;2;-1
U1116;135025;2;2;2;1.0;2;0.0;0.0;2.0;0.0;0;1;0;2;-1
U1116;135025;2;2;2;1.0;2;0.0;0.0;2.0;0.0;0;1;0;2;-1
U1116;135059;0;2;2;0.0;4;1.0;1.0;2.0;1.0;0;1;0;2;-1
U1116;135027;0;2;2;1.0;2;1.0;0.0;2.0;0.0;0;1;0;2;-1
U1116;135027;0;2;2;1.0;2;1.0;0.0;2.0;0.0;0;1;0;2;-1
U1116;135027;0;2;2;1.0;2;1.0;0.0;2.0;0.0;0;1;0;2;-1
U1116;132825;2;2;2;0.0;2;0.0;0.0;1.0;0.0;0;1;0;2;-1
U1116;135030;1;2;2;0.0;4;0.0;0.0;2.0;0.0;0;1;0;2;-1
U1116;132834;2;2;2;0.0;2;0.0;0.0;1.0;1.0;0;1;0;2;-1
U1105;135057;0;0;0;1.0;4;1.0;1.0;2.0;1.0;0;1;0;2;0
U1105;135057;0;0;0;1.0;4;1.0;1.0;2.0;1.0;0;1;0;2;0
U1105;135057;0;0;0;1.0;4;1.0;1.0;2.0;1.0;0;1;0;2;0
U1105;135069;0;0;0;0.0;4;1.0;0.0;1.0;1.0;0;1;0;2;0
U1105;135054;0;0;0;1.0;5;0.0;0.0;3.0;1.0;0;1;0;2;0
U1105;135054;0;0;0;1.0;5;0.0;0.0;3.0;1.0;0;1;0;2;0
U1105;135039;0;0;0;0.0;5;0.0;1.0;1.0;1.0;0;1;0;2;0
U1105;135052;0;0;0;1.0;4;1.0;0.0;3.0;0.0;0;1;0;2;0
U1105;135052;0;0;0;1.0;4;1.0;0.0;3.0;0.0;0;1;0;2;0
U1007;135057;1;1;2;1.0;4;1.0;1.0;2.0;1.0;0;1;0;1;1
U1007;135057;1;1;2;1.0;4;1.0;1.0;2.0;1.0;0;1;0;1;1
U1007;135057;1;1;2;1.0;4;1.0;1.0;2.0;1.0;0;1;0;1;1
U1075;135032;1;1;1;1.0;4;1.0;1.0;2.0;1.0;0;1;1;2;-1
U1075;135032;1;1;1;1.0;4;1.0;1.0;2.0;1.0;0;1;1;2;-1
U1075;132834;1;2;1;0.0;2;0.0;0.0;1.0;1.0;0;1;1;2;-1
U1075;135057;2;1;1;1.0;4;1.0;1.0;2.0;1.0;0;1;1;2;-1
U1075;135057;2;1;1;1.0;4;1.0;1.0;2.0;1.0;0;1;1;2;-1
U1075;135057;2;1;1;1.0;4;1.0;1.0;2.0;1.0;0;1;1;2;-1
U1075;135039;2;2;0;0.0;5;0.0;1.0;1.0;1.0;0;1;1;2;-1
U1075;135041;1;1;0;0.0;4;1.0;0.0;2.0;0.0;0;1;1;2;-1
U1115;135057;2;2;2;1.0;4;1.0;1.0;2.0;1.0;1;1;0;1;-1
U1115;135057;2;2;2;1.0;4;1.0;1.0;2.0;1.0;1;1;0;1;-1
U1115;135057;2;2;2;1.0;4;1.0;1.0;2.0;1.0;1;1;0;1;-1
U1115;135054;0;0;1;1.0;5;0.0;0.0;3.0;1.0;1;1;0;1;-1
U1115;135054;0;0;1;1.0;5;0.0;0.0;3.0;1.0;1;1;0;1;-1
U1115;135069;1;0;1;0.0;4;1.0;0.0;1.0;1.0;1;1;0;1;-1
U1115;135071;2;2;2;1.0;4;1.0;1.0;2.0;1.0;1;1;0;1;-1
U1115;135071;2;2;2;1.0;4;1.0;1.0;2.0;1.0;1;1;0;1;-1
U1115;135071;2;2;2;1.0;4;1.0;1.0;2.0;1.0;1;1;0;1;-1
U1024;132834;1;1;1;0.0;2;0.0;0.0;1.0;1.0;0;0;0;2;1
U1024;135106;1;1;1;1.0;2;1.0;1.0;2.0;0.0;0;0;0;2;1
U1024;135106;1;1;1;1.0;2;1.0;1.0;2.0;0.0;0;0;0;2;1
U1024;135042;1;2;1;0.0;3;0.0;0.0;2.0;0.0;0;0;0;2;1
U1024;132825;1;1;0;0.0;2;0.0;0.0;1.0;0.0;0;0;0;2;1
U1024;135060;1;0;2;0.0;5;0.0;0.0;2.0;0.0;0;0;0;2;1
U1024;135032;2;2;2;1.0;4;1.0;1.0;2.0;1.0;0;0;0;2;1
U1024;135032;2;2;2;1.0;4;1.0;1.0;2.0;1.0;0;0;0;2;1
U1024;135039;2;2;2;0.0;5;0.0;1.0;1.0;1.0;0;0;0;2;1
U1024;135027;1;2;0;1.0;2;1.0;0.0;2.0;0.0;0;0;0;2;1
U1024;135027;1;2;0;1.0;2;1.0;0.0;2.0;0.0;0;0;0;2;1
U1024;135027;1;2;0;1.0;2;1.0;0.0;2.0;0.0;0;0;0;2;1
U1024;135073;1;2;0;1.0;4;1.0;1.0;3.0;1.0;0;0;0;2;1
U1024;135073;1;2;0;1.0;4;1.0;1.0;3.0;1.0;0;0;0;2;1
U1024;135041;1;1;1;0.0;4;1.0;0.0;2.0;0.0;0;0;0;2;1
U1024;135028;1;1;1;1.0;2;1.0;0.0;2.0;0.0;0;0;0;2;1
U1024;135028;1;1;1;1.0;2;1.0;0.0;2.0;0.0;0;0;0;2;1
U1024;135028;1;1;1;1.0;2;1.0;0.0;2.0;0.0;0;0;0;2;1
U1024;135030;1;1;1;0.0;4;0.0;0.0;2.0;0.0;0;0;0;2;1
U1132;132825;2;2;2;0.0;2;0.0;0.0;1.0;0.0;0;1;0;2;1
U1132;135085;2;2;2;0.0;4;0.0;0.0;2.0;1.0;0;1;0;2;1
U1132;135025;1;1;2;1.0;2;0.0;0.0;2.0;0.0;0;1;0;2;1
U1132;135025;1;1;2;1.0;2;0.0;0.0;2.0;0.0;0;1;0;2;1
U1132;135025;1;1;2;1.0;2;0.0;0.0;2.0;0.0;0;1;0;2;1
U1132;135052;2;2;2;1.0;4;1.0;0.0;3.0;0.0;0;1;0;2;1
U1132;135052;2;2;2;1.0;4;1.0;0.0;3.0;0.0;0;1;0;2;1
U1132;135028;2;2;2;1.0;2;1.0;0.0;2.0;0.0;0;1;0;2;1
U1132;135028;2;2;2;1.0;2;1.0;0.0;2.0;0.0;0;1;0;2;1
U1132;135028;2;2;2;1.0;2;1.0;0.0;2.0;0.0;0;1;0;2;1
U1132;135032;1;0;1;1.0;4;1.0;1.0;2.0;1.0;0;1;0;2;1
U1132;135032;1;0;1;1.0;4;1.0;1.0;2.0;1.0;0;1;0;2;1
U1132;135027;2;1;0;1.0;2;1.0;0.0;2.0;0.0;0;1;0;2;1
U1132;135027;2;1;0;1.0;2;1.0;0.0;2.0;0.0;0;1;0;2;1
U1132;135027;2;1;0;1.0;2;1.0;0.0;2.0;0.0;0;1;0;2;1
U1005;135041;1;1;1;0.0;4;1.0;0.0;2.0;0.0;0;0;0;2;1
U1005;135057;1;2;1;1.0;4;1.0;1.0;2.0;1.0;0;0;0;2;1
U1005;135057;1;2;1;1.0;4;1.0;1.0;2.0;1.0;0;0;0;2;1
U1005;135057;1;2;1;1.0;4;1.0;1.0;2.0;1.0;0;0;0;2;1
U1005;135043;0;2;0;0.0;4;0.0;0.0;2.0;0.0;0;0;0;2;1
U1005;135042;2;1;2;0.0;3;0.0;0.0;2.0;0.0;0;0;0;2;1
U1005;135032;2;1;2;1.0;4;1.0;1.0;2.0;1.0;0;0;0;2;1
U1005;135032;2;1;2;1.0;4;1.0;1.0;2.0;1.0;0;0;0;2;1
U1120;135085;0;0;0;0.0;4;0.0;0.0;2.0;1.0;0;0;0;1;-1
U1120;132845;1;0;2;0.0;2;0.0;0.0;2.0;0.0;0;0;0;1;-1
U1120;135032;1;1;1;1.0;4;1.0;1.0;2.0;1.0;0;0;0;1;-1
U1120;135032;1;1;1;1.0;4;1.0;1.0;2.0;1.0;0;0;0;1;-1
U1004;135060;1;1;1;0.0;5;0.0;0.0;2.0;0.0;0;0;0;2;1
U1004;135028;2;2;2;1.0;2;1.0;0.0;2.0;0.0;0;0;0;2;1
U1004;135028;2;2;2;1.0;2;1.0;0.0;2.0;0.0;0;0;0;2;1
U1004;135028;2;2;2;1.0;2;1.0;0.0;2.0;0.0;0;0;0;2;1
U1004;135106;2;2;2;1.0;2;1.0;1.0;2.0;0.0;0;0;0;2;1
U1004;135106;2;2;2;1.0;2;1.0;1.0;2.0;0.0;0;0;0;2;1
U1120;135057;2;2;2;1.0;4;1.0;1.0;2.0;1.0;0;0;0;1;-1
U1120;135057;2;2;2;1.0;4;1.0;1.0;2.0;1.0;0;0;0;1;-1
U1120;135057;2;2;2;1.0;4;1.0;1.0;2.0;1.0;0;0;0;1;-1
U1004;135032;2;2;2;1.0;4;1.0;1.0;2.0;1.0;0;0;0;2;1
U1004;135032;2;2;2;1.0;4;1.0;1.0;2.0;1.0;0;0;0;2;1
U1120;132846;2;2;1;0.0;3;0.0;1.0;1.0;0.0;0;0;0;1;-1
U1077;135027;0;1;1;1.0;2;1.0;0.0;2.0;0.0;0;1;0;2;-1
U1077;135027;0;1;1;1.0;2;1.0;0.0;2.0;0.0;0;1;0;2;-1
U1077;135027;0;1;1;1.0;2;1.0;0.0;2.0;0.0;0;1;0;2;-1
U1037;135054;2;1;1;1.0;5;0.0;0.0;3.0;1.0;0;1;0;1;0
U1037;135054;2;1;1;1.0;5;0.0;0.0;3.0;1.0;0;1;0;1;0
U1037;132845;0;0;0;0.0;2;0.0;0.0;2.0;0.0;0;1;0;1;0
U1052;132851;1;0;2;0.0;2;0.0;0.0;1.0;1.0;1;1;0;1;1
U1036;132834;1;2;2;0.0;2;0.0;0.0;1.0;1.0;0;1;0;2;0
U1036;135079;2;2;2;1.0;3;0.0;0.0;3.0;0.0;0;1;0;2;0
U1036;135042;2;2;2;0.0;3;0.0;0.0;2.0;0.0;0;1;0;2;0
U1036;135085;2;2;2;0.0;4;0.0;0.0;2.0;1.0;0;1;0;2;0
U1036;135025;2;2;2;1.0;2;0.0;0.0;2.0;0.0;0;1;0;2;0
U1036;135025;2;2;2;1.0;2;0.0;0.0;2.0;0.0;0;1;0;2;0
U1036;135025;2;2;2;1.0;2;0.0;0.0;2.0;0.0;0;1;0;2;0
U1036;132825;2;2;2;0.0;2;0.0;0.0;1.0;0.0;0;1;0;2;0
U1036;135059;2;2;2;0.0;4;1.0;1.0;2.0;1.0;0;1;0;2;0
U1036;135052;2;2;2;1.0;4;1.0;0.0;3.0;0.0;0;1;0;2;0
U1036;135052;2;2;2;1.0;4;1.0;0.0;3.0;0.0;0;1;0;2;0
U1036;132754;2;2;2;0.0;2;0.0;0.0;2.0;0.0;0;1;0;2;0
U1038;132854;1;2;2;1.0;3;1.0;0.0;2.0;1.0;1;1;0;1;1
U1038;132854;1;2;2;1.0;3;1.0;0.0;2.0;1.0;1;1;0;1;1
U1038;132856;0;1;1;0.0;1;1.0;0.0;1.0;0.0;1;1;0;1;1
U1038;132858;0;2;1;0.0;4;0.0;0.0;1.0;0.0;1;1;0;1;1
U1038;132861;1;1;2;1.0;4;0.0;0.0;2.0;1.0;1;1;0;1;1
U1038;132861;1;1;2;1.0;4;0.0;0.0;2.0;1.0;1;1;0;1;1
U1038;132861;1;1;2;1.0;4;0.0;0.0;2.0;1.0;1;1;0;1;1
U1038;132861;1;1;2;1.0;4;0.0;0.0;2.0;1.0;1;1;0;1;1
U1038;132862;2;2;2;1.0;3;1.0;0.0;3.0;1.0;1;1;0;1;1
U1038;132862;2;2;2;1.0;3;1.0;0.0;3.0;1.0;1;1;0;1;1
U1038;132862;2;2;2;1.0;3;1.0;0.0;3.0;1.0;1;1;0;1;1
U1038;132862;2;2;2;1.0;3;1.0;0.0;3.0;1.0;1;1;0;1;1
U1071;132862;2;2;2;1.0;3;1.0;0.0;3.0;1.0;0;0;1;3;0
U1071;132862;2;2;2;1.0;3;1.0;0.0;3.0;1.0;0;0;1;3;0
U1071;132862;2;2;2;1.0;3;1.0;0.0;3.0;1.0;0;0;1;3;0
U1071;132862;2;2;2;1.0;3;1.0;0.0;3.0;1.0;0;0;1;3;0
U1071;135052;2;2;2;1.0;4;1.0;0.0;3.0;0.0;0;0;1;3;0
U1071;135052;2;2;2;1.0;4;1.0;0.0;3.0;0.0;0;0;1;3;0
U1071;135060;1;2;2;0.0;5;0.0;0.0;2.0;0.0;0;0;1;3;0
U1071;135042;2;2;2;0.0;3;0.0;0.0;2.0;0.0;0;0;1;3;0
U1071;132825;2;2;2;0.0;2;0.0;0.0;1.0;0.0;0;0;1;3;0
U1071;132856;2;2;2;0.0;1;1.0;0.0;1.0;0.0;0;0;1;3;0
U1071;135032;2;2;2;1.0;4;1.0;1.0;2.0;1.0;0;0;1;3;0
U1071;135032;2;2;2;1.0;4;1.0;1.0;2.0;1.0;0;0;1;3;0
U1071;132834;1;1;1;0.0;2;0.0;0.0;1.0;1.0;0;0;1;3;0
U1071;135039;2;2;2;0.0;5;0.0;1.0;1.0;1.0;0;0;1;3;0
U1071;135028;2;2;2;1.0;2;1.0;0.0;2.0;0.0;0;0;1;3;0
U1071;135028;2;2;2;1.0;2;1.0;0.0;2.0;0.0;0;0;1;3;0
U1071;135028;2;2;2;1.0;2;1.0;0.0;2.0;0.0;0;0;1;3;0
U1071;135025;2;2;2;1.0;2;0.0;0.0;2.0;0.0;0;0;1;3;0
U1071;135025;2;2;2;1.0;2;0.0;0.0;2.0;0.0;0;0;1;3;0
U1071;135025;2;2;2;1.0;2;0.0;0.0;2.0;0.0;0;0;1;3;0
U1071;135030;2;2;2;0.0;4;0.0;0.0;2.0;0.0;0;0;1;3;0
U1114;135053;0;0;0;1.0;4;0.0;1.0;3.0;1.0;0;0;0;2;-1
U1114;135053;0;0;0;1.0;4;0.0;1.0;3.0;1.0;0;0;0;2;-1
U1114;135053;0;0;0;1.0;4;0.0;1.0;3.0;1.0;0;0;0;2;-1
U1084;135058;1;0;2;1.0;1;0.0;0.0;2.0;1.0;1;1;0;2;0
U1084;135058;1;0;2;1.0;1;0.0;0.0;2.0;1.0;1;1;0;2;0
U1084;132862;2;2;2;1.0;3;1.0;0.0;3.0;1.0;1;1;0;2;0
U1084;132862;2;2;2;1.0;3;1.0;0.0;3.0;1.0;1;1;0;2;0
U1084;132862;2;2;2;1.0;3;1.0;0.0;3.0;1.0;1;1;0;2;0
U1084;132862;2;2;2;1.0;3;1.0;0.0;3.0;1.0;1;1;0;2;0
U1084;135072;2;2;2;1.0;1;0.0;0.0;2.0;0.0;1;1;0;2;0
U1084;135072;2;2;2;1.0;1;0.0;0.0;2.0;0.0;1;1;0;2;0
U1084;135072;2;2;2;1.0;1;0.0;0.0;2.0;0.0;1;1;0;2;0
U1084;135030;2;2;2;0.0;4;0.0;0.0;2.0;0.0;1;1;0;2;0
U1084;135035;2;2;2;1.0;1;0.0;1.0;3.0;1.0;1;1;0;2;0
U1084;135035;2;2;2;1.0;1;0.0;1.0;3.0;1.0;1;1;0;2;0
U1084;135035;2;2;2;1.0;1;0.0;1.0;3.0;1.0;1;1;0;2;0
U1084;132861;2;2;2;1.0;4;0.0;0.0;2.0;1.0;1;1;0;2;0
U1084;132861;2;2;2;1.0;4;0.0;0.0;2.0;1.0;1;1;0;2;0
U1084;132861;2;2;2;1.0;4;0.0;0.0;2.0;1.0;1;1;0;2;0
U1084;132861;2;2;2;1.0;4;0.0;0.0;2.0;1.0;1;1;0;2;0
U1084;135085;2;2;2;0.0;4;0.0;0.0;2.0;1.0;1;1;0;2;0
U1084;132723;1;0;1;1.0;2;1.0;1.0;2.0;1.0;1;1;0;2;0
U1049;132825;0;0;0;0.0;2;0.0;0.0;1.0;0.0;0;1;0;2;1
U1049;135041;0;0;0;0.0;4;1.0;0.0;2.0;0.0;0;1;0;2;1
U1019;132856;0;0;0;0.0;1;1.0;0.0;1.0;0.0;0;1;0;2;1
U1069;132858;0;0;0;0.0;4;0.0;0.0;1.0;0.0;0;1;0;2;1
U1069;135069;0;0;0;0.0;4;1.0;0.0;1.0;1.0;0;1;0;2;1
U1069;132846;0;0;0;0.0;3;0.0;1.0;1.0;0.0;0;1;0;2;1
U1069;132845;0;0;0;0.0;2;0.0;0.0;2.0;0.0;0;1;0;2;1
U1069;132851;1;0;0;0.0;2;0.0;0.0;1.0;1.0;0;1;0;2;1
U1113;135057;2;2;1;1.0;4;1.0;1.0;2.0;1.0;0;1;0;2;-1
U1113;135057;2;2;1;1.0;4;1.0;1.0;2.0;1.0;0;1;0;2;-1
U1113;135057;2;2;1;1.0;4;1.0;1.0;2.0;1.0;0;1;0;2;-1
U1113;135085;1;2;1;0.0;4;0.0;0.0;2.0;1.0;0;1;0;2;-1
U1113;135032;0;0;0;1.0;4;1.0;1.0;2.0;1.0;0;1;0;2;-1
U1113;135032;0;0;0;1.0;4;1.0;1.0;2.0;1.0;0;1;0;2;-1
U1113;135079;1;2;1;1.0;3;0.0;0.0;3.0;0.0;0;1;0;2;-1
U1113;135046;2;2;1;1.0;4;0.0;0.0;2.0;1.0;0;1;0;2;-1
U1113;135046;2;2;1;1.0;4;0.0;0.0;2.0;1.0;0;1;0;2;-1
U1113;132856;0;1;0;0.0;1;1.0;0.0;1.0;0.0;0;1;0;2;-1
U1113;132854;0;0;0;1.0;3;1.0;0.0;2.0;1.0;0;1;0;2;-1
U1113;132854;0;0;0;1.0;3;1.0;0.0;2.0;1.0;0;1;0;2;-1
U1104;135039;0;0;1;0.0;5;0.0;1.0;1.0;1.0;1;1;1;2;0
U1104;132825;1;2;1;0.0;2;0.0;0.0;1.0;0.0;1;1;1;2;0
U1104;135085;2;2;1;0.0;4;0.0;0.0;2.0;1.0;1;1;1;2;0
U1104;135030;2;1;1;0.0;4;0.0;0.0;2.0;0.0;1;1;1;2;0
U1106;135052;0;0;0;1.0;4;1.0;0.0;3.0;0.0;0;1;1;2;1
U1106;135052;0;0;0;1.0;4;1.0;0.0;3.0;0.0;0;1;1;2;1
U1104;132834;1;2;1;0.0;2;0.0;0.0;1.0;1.0;1;1;1;2;0
U1106;135106;0;0;0;1.0;2;1.0;1.0;2.0;0.0;0;1;1;2;1
U1106;135106;0;0;0;1.0;2;1.0;1.0;2.0;0.0;0;1;1;2;1
U1106;132754;2;2;1;0.0;2;0.0;0.0;2.0;0.0;0;1;1;2;1
U1104;135052;1;1;1;1.0;4;1.0;0.0;3.0;0.0;1;1;1;2;0
U1104;135052;1;1;1;1.0;4;1.0;0.0;3.0;0.0;1;1;1;2;0
U1106;132856;0;1;0;0.0;1;1.0;0.0;1.0;0.0;0;1;1;2;1
U1104;135032;2;1;1;1.0;4;1.0;1.0;2.0;1.0;1;1;1;2;0
U1104;135032;2;1;1;1.0;4;1.0;1.0;2.0;1.0;1;1;1;2;0
U1104;135025;2;1;1;1.0;2;0.0;0.0;2.0;0.0;1;1;1;2;0
U1104;135025;2;1;1;1.0;2;0.0;0.0;2.0;0.0;1;1;1;2;0
U1104;135025;2;1;1;1.0;2;0.0;0.0;2.0;0.0;1;1;1;2;0
U1106;132834;2;1;1;0.0;2;0.0;0.0;1.0;1.0;0;1;1;2;1
U1106;135042;2;0;0;0.0;3;0.0;0.0;2.0;0.0;0;1;1;2;1
U1106;135039;2;1;1;0.0;5;0.0;1.0;1.0;1.0;0;1;1;2;1
U1052;132866;2;2;1;0.0;4;0.0;0.0;2.0;1.0;1;1;0;1;1
U1106;135085;2;2;2;0.0;4;0.0;0.0;2.0;1.0;0;1;1;2;1
U1106;132862;2;2;2;1.0;3;1.0;0.0;3.0;1.0;0;1;1;2;1
U1106;132862;2;2;2;1.0;3;1.0;0.0;3.0;1.0;0;1;1;2;1
U1106;132862;2;2;2;1.0;3;1.0;0.0;3.0;1.0;0;1;1;2;1
U1106;132862;2;2;2;1.0;3;1.0;0.0;3.0;1.0;0;1;1;2;1
U1106;135030;2;2;1;0.0;4;0.0;0.0;2.0;0.0;0;1;1;2;1
U1106;135079;2;2;2;1.0;3;0.0;0.0;3.0;0.0;0;1;1;2;1
U1052;132869;2;2;1;0.0;1;0.0;0.0;2.0;1.0;1;1;0;1;1
U1052;132870;1;1;1;0.0;4;0.0;0.0;1.0;0.0;1;1;0;1;1
U1104;135041;1;2;1;0.0;4;1.0;0.0;2.0;0.0;1;1;1;2;0
U1079;134976;1;1;0;1.0;2;0.0;0.0;1.0;1.0;0;0;0;2;-1
U1079;134976;1;1;0;1.0;2;0.0;0.0;1.0;1.0;0;0;0;2;-1
U1079;134976;1;1;0;1.0;2;0.0;0.0;1.0;1.0;0;0;0;2;-1
U1079;132768;2;2;2;1.0;5;0.0;0.0;2.0;0.0;0;0;0;2;-1
U1079;132766;1;2;1;0.0;1;1.0;0.0;2.0;1.0;0;0;0;2;-1
U1045;132825;2;1;1;0.0;2;0.0;0.0;1.0;0.0;0;1;1;3;0
U1045;132856;1;2;2;0.0;1;1.0;0.0;1.0;0.0;0;1;1;3;0
U1045;135085;2;2;2;0.0;4;0.0;0.0;2.0;1.0;0;1;1;3;0
U1045;135032;0;0;0;1.0;4;1.0;1.0;2.0;1.0;0;1;1;3;0
U1045;135032;0;0;0;1.0;4;1.0;1.0;2.0;1.0;0;1;1;3;0
U1045;132834;1;1;1;0.0;2;0.0;0.0;1.0;1.0;0;1;1;3;0
U1045;135052;1;2;2;1.0;4;1.0;0.0;3.0;0.0;0;1;1;3;0
U1045;135052;1;2;2;1.0;4;1.0;0.0;3.0;0.0;0;1;1;3;0
U1045;135060;2;2;2;0.0;5;0.0;0.0;2.0;0.0;0;1;1;3;0
U1045;135041;1;2;1;0.0;4;1.0;0.0;2.0;0.0;0;1;1;3;0
U1009;132754;1;2;1;0.0;2;0.0;0.0;2.0;0.0;0;0;0;2;1
U1009;132862;2;1;2;1.0;3;1.0;0.0;3.0;1.0;0;0;0;2;1
U1009;132862;2;1;2;1.0;3;1.0;0.0;3.0;1.0;0;0;0;2;1
U1009;132862;2;1;2;1.0;3;1.0;0.0;3.0;1.0;0;0;0;2;1
U1009;132862;2;1;2;1.0;3;1.0;0.0;3.0;1.0;0;0;0;2;1
U1009;135060;1;1;1;0.0;5;0.0;0.0;2.0;0.0;0;0;0;2;1
U1009;135059;2;1;1;0.0;4;1.0;1.0;2.0;1.0;0;0;0;2;1
U1009;132834;2;2;1;0.0;2;0.0;0.0;1.0;1.0;0;0;0;2;1
U1009;135058;1;1;2;1.0;1;0.0;0.0;2.0;1.0;0;0;0;2;1
U1009;135058;1;1;2;1.0;1;0.0;0.0;2.0;1.0;0;0;0;2;1
U1009;132825;1;1;0;0.0;2;0.0;0.0;1.0;0.0;0;0;0;2;1
U1009;135052;2;1;0;1.0;4;1.0;0.0;3.0;0.0;0;0;0;2;1
U1009;135052;2;1;0;1.0;4;1.0;0.0;3.0;0.0;0;0;0;2;1
U1009;135079;1;2;2;1.0;3;0.0;0.0;3.0;0.0;0;0;0;2;1
