Date;AAPL;AMZN;Random Walk;Random Walk (Drift)
28.12.2009;10.648.268.270.492.500;13.452.000.427.246.000;100.0;100.0
04.01.2010;10.652.113.580.703.700;13.352.000.427.246.000;9.984.715.265.411.740;9.996.173.569.882.880
11.01.2010;10.633.501.958.847.000;12.713.999.938.964.800;9.978.770.585.611.690;10.070.913.813.913.500
18.01.2010;10.608.338.022.232.000;12.143.000.030.517.500;9.979.433.889.349.150;10.234.367.751.926.400
25.01.2010;10.590.833.711.624.100;12.541.000.366.210.900;9.967.078.940.616.740;10.220.638.002.205.600
01.02.2010;10.601.293.277.740.400;11.738.999.938.964.800;996.086.525.453.212;1.020.692.834.940.870
08.02.2010;10.616.428.661.346.400;11.966.000.366.210.900;995.197.577.654.151;10.378.324.398.321.600
15.02.2010;10.620.396.900.177.000;1.175.199.966.430.660;9.956.964.875.096.930;10.468.349.588.456.800
22.02.2010;10.629.472.064.971.900;1.184.000.015.258.780;9.949.095.904.077.120;10.429.671.718.097.300
01.03.2010;10.673.555.374.145.500;12.891.000.366.210.900;9.950.283.339.714.770;10.496.688.621.235.000
08.03.2010;10.697.089.099.884.000;13.182.000.732.421.800;9.942.714.708.359.440;10.458.541.797.626.000
15.03.2010;10.683.707.284.927.300;13.035.000.610.351.500;9.947.648.377.447.160;10.420.291.798.482.500
22.03.2010;10.710.317.325.592.000;13.505.999.755.859.300;9.939.254.334.314.900;10.455.925.265.020.400
29.03.2010;1.072.591.404.914.850;13.180.999.755.859.300;9.929.104.115.773.610;10.266.330.037.793.600
05.04.2010;10.743.818.187.713.600;14.005.999.755.859.300;992.567.891.892.382;10.099.510.610.264.900
12.04.2010;10.761.076.068.878.100;1.421.699.981.689.450;9.944.523.559.007.450;10.052.821.832.199.200
19.04.2010;1.083.315.372.467.040;1.436.300.048.828.120;994.181.442.991.364;9.961.056.546.043.190
26.04.2010;108.031.907.081.604;13.710.000.610.351.500;9.927.297.236.528.640;10.002.319.957.083.400
03.05.2010;10.725.575.637.817.300;1.249.800.033.569.330;9.916.495.646.917.510;9.921.498.803.719.580
10.05.2010;10.780.825.757.980.300;12.852.999.877.929.600;9.942.146.412.544.650;9.791.298.607.690.430
17.05.2010;10.745.448.732.376.000;12.272.000.122.070.300;9.939.944.184.994.140;9.944.595.953.803.170
24.05.2010;1.079.023.962.020.870;12.545.999.908.447.200;9.939.050.181.073.650;9.932.088.008.914.140
31.05.2010;10.787.409.114.837.600;1.227.699.966.430.660;9.941.813.595.795.070;9.948.727.057.643.500
07.06.2010;1.077.987.208.366.390;12.302.999.877.929.600;9.957.936.207.654.670;9.816.931.476.396.040
14.06.2010;10.843.120.956.420.800;12.583.000.183.105.400;9.965.095.855.221.820;977.330.672.883.647
21.06.2010;10.820.448.684.692.300;121.0;9.971.682.177.850.620;9.793.920.840.489.220
28.06.2010;10.759.660.959.243.700;10.913.999.938.964.800;9.973.789.589.485.200;9.690.987.361.477.850
05.07.2010;10.798.668.432.235.700;11.726.000.213.623.000;9.968.145.154.508.070;9.737.087.196.314.530
12.07.2010;10.768.767.070.770.200;11.848.999.786.376.900;9.969.547.013.630.800;9.688.339.570.538.650
19.07.2010;10.799.652.910.232.500;11.887.000.274.658.200;9.966.162.534.506.790;9.669.767.629.123.180
26.07.2010;10.791.378.116.607.600;11.788.999.938.964.800;9.952.114.258.917.630;9.621.253.765.540.650
02.08.2010;10.800.114.345.550.500;12.832.000.732.421.800;992.724.783.714.813;9.809.087.403.881.540
09.08.2010;10.766.306.066.513.000;12.469.000.244.140.600;9.939.983.271.838.750;9.817.572.536.713.780
16.08.2010;10.767.966.938.018.700;12.776.000.213.623.000;9.950.780.750.419.130;9.723.548.571.571.500
23.08.2010;10.743.295.240.402.200;12.663.999.938.964.800;9.957.264.773.971.180;9.813.252.674.194.420
30.08.2010;10.796.053.552.627.500;1.387.899.932.861.320;9.962.828.975.393.070;9.703.261.454.740.100
06.09.2010;10.810.327.625.274.600;14.244.000.244.140.600;9.965.164.350.902.730;9.733.231.296.901.920
13.09.2010;10.847.120.189.666.700;14.832.000.732.421.800;9.954.375.897.069.620;9.552.225.302.385.320
20.09.2010;10.899.263.668.060.300;16.072.999.572.753.900;994.255.628.679.005;9.434.906.203.862.080
27.09.2010;10.869.115.543.365.400;1.537.100.067.138.670;9.935.523.886.020.680;9.462.914.783.021.950
04.10.2010;1.090.464.677.810.660;1.555.500.030.517.570;9.929.138.727.163.380;9.542.258.160.971.040
11.10.2010;10.968.233.871.459.900;16.463.999.938.964.800;9.920.718.027.773.290;9.568.152.822.929.170
18.10.2010;10.945.869.445.800.700;1.691.300.048.828.120;9.907.336.282.105.450;9.566.655.571.356.100
25.10.2010;10.925.903.987.884.500;16.522.999.572.753.900;9.913.133.347.823.250;9.547.416.673.457.810
01.11.2010;10.975.586.128.234.800;17.077.000.427.246.000;9.918.497.492.303.040;941.580.343.510.219
08.11.2010;10.947.592.258.453.300;16.567.999.267.578.100;9.933.927.836.654.140;935.744.012.283.588
15.11.2010;1.094.359.302.520.750;16.482.000.732.421.800;9.950.671.158.890.180;9.323.693.565.783.580
22.11.2010;10.969.033.908.843.900;1.771.999.969.482.420;994.427.826.127.926;9.431.580.096.337.810
29.11.2010;10.976.539.993.286.100;17.567.999.267.578.100;9.949.764.910.938.520;9.473.420.310.640.460
06.12.2010;10.986.138.153.076.100;1.756.199.951.171.870;99.489.336.962.514;9.315.873.526.788.220
13.12.2010;1.098.629.207.611.080;1.775.800.018.310.540;9.952.024.333.608.030;9.355.380.653.024.420
20.12.2010;10.995.489.883.422.800;18.258.999.633.789.000;9.972.128.681.582.990;9.328.710.120.517.150
27.12.2010;10.992.290.878.295.800;180.0;9.988.875.786.368.850;9.274.890.739.487.120
03.01.2011;11.034.005.165.100.000;18.549.000.549.316.400;9.993.907.720.799.530;9.340.897.937.695.950
10.01.2011;11.072.028.541.564.900;188.75;1.000.418.031.310.530;9.446.543.448.768.120
17.01.2011;11.005.087.947.845.400;1.774.199.981.689.450;10.010.532.257.658.800;954.396.377.329.895
24.01.2011;11.033.943.748.474.100;17.113.999.938.964.800;1.000.881.442.332.790;9.473.413.120.676.700
31.01.2011;11.065.937.232.971.100;17.592.999.267.578.100;10.006.603.703.103.500;9.453.593.568.012.730
07.02.2011;11.097.776.794.433.500;189.25;9.999.309.058.981.340;9.494.363.460.025.090
14.02.2011;11.078.426.933.288.500;186.5;100.145.206.323.679;9.596.479.623.570.670
21.02.2011;11.071.043.872.833.200;17.724.000.549.316.400;10.005.110.254.112.800;9.560.092.245.098.020
28.02.2011;11.107.467.460.632.300;1.716.699.981.689.450;10.000.743.474.867.100;9.551.903.167.912.750
07.03.2011;1.108.282.585.144.040;16.807.000.732.421.800;9.998.728.827.073.430;945.577.902.565.086
14.03.2011;11.017.239.475.250.200;16.182.000.732.421.800;999.005.305.801.735;9.352.124.149.613.240
21.03.2011;11.081.441.688.537.500;17.097.999.572.753.900;10.005.587.941.213.500;943.746.469.742.083
28.03.2011;1.105.996.904.373.160;1.801.300.048.828.120;10.010.938.885.331.200;9.574.896.836.026.910
04.04.2011;11.030.744.361.877.400;1.847.100.067.138.670;998.840.014.209.477;9.577.576.838.010.120
11.04.2011;11.007.364.273.071.200;18.000.999.450.683.500;9.978.342.475.097.800;9.683.268.549.238.450
18.04.2011;11.078.857.707.977.200;18.588.999.938.964.800;9.987.061.244.352.850;9.727.970.005.263.840
25.04.2011;11.077.104.377.746.500;19.580.999.755.859.300;998.172.259.589.492;967.494.091.904.309
02.05.2011;11.066.429.424.285.800;19.760.000.610.351.500;9.983.371.630.633.010;9.719.580.671.279.090
09.05.2011;1.104.747.953.414.910;20.255.999.755.859.300;9.985.911.086.443.760;98.787.909.567.818
16.05.2011;11.031.236.743.927.000;19.864.999.389.648.400;9.987.547.170.691.950;9.885.130.568.226.810
23.05.2011;11.037.973.594.665.500;1.941.300.048.828.120;9.980.885.880.839.900;10.049.682.767.099.700
30.05.2011;11.056.523.513.793.900;18.832.000.732.421.800;9.980.579.311.511.230;9.796.456.377.599.180
06.06.2011;11.002.565.670.013.400;18.652.999.877.929.600;9.981.600.856.873.430;9.886.770.154.284.300
13.06.2011;10.985.214.900.970.400;1.863.699.951.171.870;9.973.228.028.238.810;990.526.306.800.134
20.06.2011;11.003.950.023.651.100;1.925.500.030.517.570;997.665.044.027.265;9.885.550.866.413.030
27.06.2011;11.055.970.191.955.500;20.949.000.549.316.400;9.977.719.169.566.690;9.904.507.475.519.280
04.07.2011;11.106.575.202.941.800;21.827.999.877.929.600;998.098.055.301.305;971.755.307.126.706
11.07.2011;11.122.602.844.238.200;2.128.699.951.171.870;998.819.330.608.225;9.705.923.892.055.060
18.07.2011;11.209.908.199.310.300;21.652.000.427.246.000;9.987.144.637.622.710;9.750.290.890.347.000
25.07.2011;11.201.232.624.053.900;22.252.000.427.246.000;9.976.829.019.268.020;9.904.140.149.650.760
01.08.2011;11.149.366.283.416.700;2.026.999.969.482.420;9.985.964.240.663.610;9.862.714.081.028.690
08.08.2011;111.597.336.769.104;2.023.000.030.517.570;999.105.694.684.181;9.792.837.382.692.960
15.08.2011;11.095.254.230.499.200;17.892.999.267.578.100;998.057.272.663.675;9.753.493.968.741.210
22.08.2011;1.118.000.602.722.160;19.927.000.427.246.000;9.969.839.248.470.310;9.852.531.153.049.750
29.08.2011;11.150.689.506.530.700;210.0;9.973.855.245.099.360;9.894.773.989.698.020
05.09.2011;11.161.240.863.800.000;21.138.999.938.964.800;9.980.355.447.111.180;9.852.250.188.837.600
12.09.2011;11.232.057.285.308.800;2.393.000.030.517.570;9.964.264.768.372.230;99.126.708.306.746
19.09.2011;11.243.747.520.446.700;22.361.000.061.035.100;9.961.003.912.161.660;993.220.647.942.263
26.09.2011;11.173.054.122.924.800;21.622.999.572.753.900;995.551.084.600.679;10.038.346.506.414.300
03.10.2011;11.137.615.203.857.400;22.474.000.549.316.400;9.953.475.449.589.500;9.977.910.330.698.360
10.10.2011;11.298.197.746.276.800;2.467.100.067.138.670;9.958.957.759.393.570;99.551.944.058.539
17.10.2011;11.208.585.166.931.100;23.477.999.877.929.600;9.977.013.088.004.500;9.926.114.471.334.240
24.10.2011;11.245.746.898.651.100;21.732.000.732.421.800;9.968.800.077.211.230;9.790.770.416.748.890
31.10.2011;11.231.257.820.129.300;21.647.999.572.753.900;9.984.737.210.581.330;9.829.553.643.650.470
07.11.2011;11.183.205.699.920.600;21.738.999.938.964.800;9.995.753.809.833.440;9.865.043.765.312.620
14.11.2011;11.153.426.933.288.500;19.713.999.938.964.800;10.018.597.557.860.100;987.541.325.381.364
21.11.2011;11.118.449.783.325.100;18.239.999.389.648.400;10.019.792.912.562.900;9.862.122.218.206.380
28.11.2011;11.198.833.274.841.300;19.602.999.877.929.600;10.023.254.640.764.000;9.732.398.748.002.840
05.12.2011;11.210.892.486.572.200;19.302.999.877.929.600;10.033.942.980.443.600;9.701.192.266.624.490
12.12.2011;11.172.130.966.186.500;18.125.999.450.683.500;10.038.525.226.417.600;9.677.646.064.717.220
19.12.2011;11.240.763.282.775.800;17.727.999.877.929.600;1.005.677.315.441.990;9.609.682.156.208.990
26.12.2011;11.245.900.917.053.200;17.310.000.610.351.500;1.006.193.289.542.400;9.603.792.794.110.720
02.01.2012;11.299.428.367.614.700;18.261.000.061.035.100;10.073.061.358.877.600;9.652.200.793.976.130
09.01.2012;11.291.460.704.803.400;1.784.199.981.689.450;10.079.118.032.697.500;9.843.911.445.302.610
16.01.2012;11.292.967.987.060.500;19.092.999.267.578.100;10.072.414.300.205.000;9.870.940.642.046.230
23.01.2012;1.137.596.664.428.710;1.953.699.951.171.870;10.081.839.010.483.200;990.623.422.887.988
30.01.2012;11.414.112.567.901.600;18.767.999.267.578.100;1.007.765.945.162.700;9.908.765.676.319.120
06.02.2012;11.517.907.047.271.700;1.855.399.932.861.320;10.078.933.934.211.600;9.728.547.898.406.800
13.02.2012;11.544.670.677.185.000;182.5;10.078.505.199.461.900;9.735.697.031.232.410
20.02.2012;11.607.088.661.193.800;1.791.300.048.828.120;10.084.708.699.012.400;9.751.296.559.024.770
27.02.2012;1.167.713.623.046.870;1.793.000.030.517.570;10.072.311.984.075.900;10.001.245.898.939.000
05.03.2012;11.677.105.712.890.600;18.432.000.732.421.800;10.085.398.164.691.800;9.992.008.651.736.630
12.03.2012;11.801.388.168.334.900;1.850.500.030.517.570;1.009.450.337.211.290;1.003.213.129.692.340
19.03.2012;11.833.627.510.070.800;1.950.399.932.861.320;10.096.217.825.661.100;10.038.681.097.908.000
26.03.2012;11.844.394.493.103.000;20.250.999.450.683.500;1.008.736.063.912.630;9.931.399.917.748.030
02.04.2012;11.949.388.313.293.400;19.438.999.938.964.800;10.076.901.315.088.900;1.005.482.962.172.650
09.04.2012;11.861.867.904.663.000;1.884.600.067.138.670;10.074.450.946.410.400;10.140.490.036.654.300
16.04.2012;11.762.657.356.262.200;18.997.999.572.753.900;10.067.032.424.339.300;10.230.845.042.467.700
23.04.2012;11.855.007.934.570.300;22.685.000.610.351.500;10.067.332.622.445.000;1.014.803.786.617.440
30.04.2012;1.173.887.767.791.740;22.399.000.549.316.400;10.071.458.677.842.700;10.300.542.001.898.900
07.05.2012;11.743.368.911.743.100;22.767.999.267.578.100;10.077.736.787.938.500;10.166.444.286.373.900
14.05.2012;11.631.606.674.194.300;21.385.000.610.351.500;10.078.846.198.872.500;10.236.273.230.142.100
21.05.2012;11.729.771.423.339.800;21.288.999.938.964.800;10.068.827.698.891.600;10.470.730.526.215.100
28.05.2012;11.725.772.666.931.100;20.822.000.122.070.300;1.008.606.733.786.900;10.377.484.867.372.600
04.06.2012;11.785.237.312.316.800;21.847.999.572.753.900;10.104.672.928.525.100;10.329.094.891.046.200
11.06.2012;11.766.194.534.301.700;21.835.000.610.351.500;10.096.638.073.554.400;10.349.717.069.997.400
18.06.2012;11.790.712.928.771.900;22.216.000.366.210.900;10.093.306.466.519.800;10.307.958.481.350.000
25.06.2012;11.796.557.998.657.200;22.835.000.610.351.500;10.115.858.352.449.900;10.158.424.697.171.600
02.07.2012;11.863.866.996.765.100;2.250.500.030.517.570;10.130.647.149.560.600;10.175.548.040.034.600
09.07.2012;11.861.068.534.851.000;21.838.999.938.964.800;10.132.852.903.235.100;10.077.628.363.353.400
16.07.2012;1.185.900.650.024.410;2.282.899.932.861.320;10.140.086.827.914.500;10.135.432.876.833.100
23.07.2012;11.800.126.838.684.000;23.732.000.732.421.800;10.126.474.168.426.900;1.005.238.068.359.580
30.07.2012;11.894.076.728.820.800;23.497.000.122.070.300;10.126.284.789.448.200;10.218.238.371.017.800
06.08.2012;11.912.534.141.540.500;232.75;1.013.888.226.223.920;10.148.421.920.929.100
13.08.2012;12.002.338.981.628.400;2.411.699.981.689.450;10.119.611.020.403.100;10.125.886.181.340.500
20.08.2012;12.049.021.911.621.000;24.574.000.549.316.400;10.125.376.398.314.000;10.218.387.895.018.300
27.08.2012;12.055.262.756.347.600;24.827.000.427.246.000;10.115.104.031.126.700;10.102.831.792.598.700
03.09.2012;1.210.222.396.850.580;2.591.400.146.484.370;10.133.215.186.302.900;10.135.914.518.979.900
10.09.2012;12.135.713.386.535.600;2.612.699.890.136.710;10.121.982.141.704.500;10.278.541.305.714.000
17.09.2012;12.162.932.014.465.300;2.574.700.012.207.030;10.109.862.378.568.200;10.123.594.018.772.900
24.09.2012;1.206.100.959.777.830;25.432.000.732.421.800;10.103.634.762.961.200;10.152.409.195.050.700
01.10.2012;12.016.181.373.596.100;258.510.009.765.625;10.096.880.205.511.000;10.188.945.968.945.400
08.10.2012;11.945.492.744.445.800;24.236.000.061.035.100;10.099.311.044.549.700;10.278.794.424.892.600
15.10.2012;11.884.104.537.963.800;240.0;10.111.823.078.863.200;10.161.929.598.609.100
22.10.2012;11.866.061.782.836.900;23.824.000.549.316.400;10.099.126.030.752.900;10.037.907.656.805.900
29.10.2012;11.782.027.053.833.000;2.324.199.981.689.450;10.094.856.789.510.800;10.100.337.576.841.800
05.11.2012;11.690.144.920.349.100;22.630.999.755.859.300;10.099.391.942.989.600;10.140.434.368.966.700
12.11.2012;11.637.716.484.069.800;22.522.999.572.753.900;10.089.270.764.899.400;1.017.597.586.642.390
19.11.2012;11.773.717.498.779.200;2.398.800.048.828.120;10.095.894.376.872.000;10.221.406.328.478.400
26.11.2012;11.816.485.214.233.300;2.520.500.030.517.570;10.100.312.255.698.100;101.621.196.448.803
03.12.2012;11.655.003.547.668.400;25.327.000.427.246.000;1.010.502.888.684.730;10.195.883.663.110.300
10.12.2012;11.582.193.183.898.900;24.919.000.244.140.600;10.104.944.459.051.400;10.235.960.875.199.500
17.12.2012;11.611.801.719.665.500;2.569.200.134.277.340;1.011.199.680.636.400;10.173.076.104.414.100
24.12.2012;11.581.572.532.653.800;24.517.999.267.578.100;1.012.539.628.496.150;103.730.558.414.741
31.12.2012;1.163.560.619.354.240;2.591.499.938.964.840;10.124.607.057.165.500;10.432.579.850.797.000
07.01.2013;11.614.812.088.012.600;26.794.000.244.140.600;10.136.942.731.111.900;10.318.728.742.036.800
14.01.2013;11.551.808.643.341.000;2.721.199.951.171.870;10.139.162.938.647.800;10.396.795.456.699.800
21.01.2013;11.365.219.402.313.200;283.989.990.234.375;10.123.451.438.246.200;10.305.856.592.549.000
28.01.2013;11.407.862.567.901.600;265.0;10.137.047.523.258.700;10.397.278.259.665.300
04.02.2013;11.474.155.712.127.600;26.195.001.220.703.100;10.140.887.646.958.300;10.528.137.944.178.500
11.02.2013;11.436.483.860.015.800;2.650.899.963.378.900;1.015.460.699.899.160;1.045.226.351.556.320
18.02.2013;11.407.295.989.990.200;2.654.200.134.277.340;10.151.208.153.533.900;10.563.410.390.753.400
25.02.2013;11.343.800.449.371.300;265.739.990.234.375;10.152.740.320.323.200;10.617.577.544.471.200
04.03.2013;11.347.702.598.571.700;27.419.000.244.140.600;10.148.682.116.159.400;10.715.477.996.965.300
11.03.2013;11.384.975.910.186.700;26.182.000.732.421.800;10.136.296.529.783.800;10.929.443.909.666.500
18.03.2013;1.144.194.688.796.990;257.75;10.139.953.883.175.000;10.913.553.797.076.700
25.03.2013;11.381.854.057.312.000;266.489.990.234.375;1.015.655.742.911.080;10.842.207.949.088.600
01.04.2013;11.321.105.670.928.900;25.547.999.572.753.900;10.159.536.593.737.600;10.756.607.152.840.500
08.04.2013;11.341.709.041.595.400;2.728.699.951.171.870;10.157.650.241.156.800;10.679.610.252.527.100
15.04.2013;1.121.911.973.953.240;26.032.000.732.421.800;10.152.314.066.818.300;10.682.055.700.716.200
22.04.2013;11.302.375.507.354.700;25.480.999.755.859.300;10.140.501.512.068.000;10.729.179.800.390.900
29.04.2013;11.404.705.142.974.800;25.804.998.779.296.800;10.143.954.629.325.400;1.076.959.563.354.260
06.05.2013;11.414.038.562.774.600;2.636.300.048.828.120;10.151.090.683.541.900;10.869.449.520.245.700
13.05.2013;11.361.462.211.608.800;2.698.999.938.964.840;10.148.239.198.768.100;10.881.732.203.840.300
20.05.2013;11.398.825.359.344.400;261.739.990.234.375;10.144.951.335.486.600;11.050.783.621.812.000
27.05.2013;11.413.217.258.453.300;26.920.001.220.703.100;10.139.456.109.771.700;11.032.587.751.452.300
03.06.2013;11.388.329.601.287.800;2.768.699.951.171.870;1.013.006.948.122.510;11.343.725.389.495.700
10.06.2013;11.351.375.579.833.900;273.989.990.234.375;10.144.407.663.390.600;11.426.043.100.667.400
17.06.2013;11.299.369.049.072.200;2.733.599.853.515.620;10.152.741.618.687.600;11.339.529.951.931.300
24.06.2013;11.246.043.014.526.300;27.769.000.244.140.600;10.153.950.030.234.600;11.229.435.306.312.600
01.07.2013;11.311.687.278.747.500;2.858.800.048.828.120;10.143.119.210.165.800;11.294.843.669.359.500
08.07.2013;11.340.251.541.137.600;30.754.998.779.296.800;10.138.848.485.738.200;11.280.898.740.767.100
15.07.2013;11.335.349.559.783.900;3.052.300.109.863.280;10.149.369.406.369.800;11.372.725.312.255.000
22.07.2013;11.385.752.868.652.300;312.010.009.765.625;10.159.387.067.649.300;1.143.791.805.268.420
29.07.2013;11.453.471.088.409.400;3.042.099.914.550.780;10.186.195.102.538.300;11.441.025.859.388.500
05.08.2013;11.428.049.278.259.200;297.260.009.765.625;10.195.053.243.054.400;11.355.584.996.988.000
12.08.2013;1.158.892.822.265.620;28.482.000.732.421.800;10.196.556.677.755.600;11.194.920.817.811.300
19.08.2013;11.584.784.603.118.800;290.010.009.765.625;10.196.651.450.959.400;11.156.128.743.305.500
26.08.2013;11.541.133.308.410.600;2.809.800.109.863.280;10.178.706.404.140.300;11.262.825.824.099.700
02.09.2013;11.575.927.543.640.100;2.958.599.853.515.620;10.187.130.359.140.600;11.298.201.655.425.500
09.09.2013;11.470.532.989.501.900;2.979.200.134.277.340;10.170.301.845.029.600;11.168.753.777.762.200
16.09.2013;11.478.472.232.818.600;3.163.399.963.378.900;10.169.511.102.433.100;11.199.264.682.738.300
23.09.2013;11.526.994.037.628.100;316.010.009.765.625;10.166.153.705.325.500;11.253.616.660.645.500
30.09.2013;11.527.880.382.537.800;3.190.400.085.449.210;10.171.346.194.172.400;11.165.404.349.609.400
07.10.2013;11.558.814.811.706.500;3.108.900.146.484.370;10.178.417.258.153.400;1.119.373.378.362.470
14.10.2013;1.160.967.788.696.280;32.892.999.267.578.100;10.187.065.045.928.800;1.121.144.324.639.000
21.10.2013;11.663.672.828.674.300;3.633.900.146.484.370;1.019.416.877.762.760;11.094.511.223.372.100
28.10.2013;11.644.915.199.279.700;359.0;10.195.576.535.269.400;11.145.300.493.445.100
04.11.2013;1.164.659.194.946.280;35.030.999.755.859.300;10.203.118.334.642.800;11.218.946.914.523.000
11.11.2013;1.167.029.972.076.410;3.691.700.134.277.340;10.207.843.228.648.100;11.351.672.805.466.400
18.11.2013;11.653.787.040.710.400;37.230.999.755.859.300;10.200.151.554.269.300;1.148.264.863.923.620
25.11.2013;11.769.183.921.813.900;3.936.199.951.171.870;10.207.811.879.505.700;11.335.938.354.942.500
02.12.2013;1.178.175.048.828.120;38.695.001.220.703.100;10.205.117.036.443.300;11.240.963.024.895.500
09.12.2013;11.763.965.606.689.400;384.239.990.234.375;10.210.054.128.895.700;11.310.098.911.872.500
16.12.2013;11.746.752.738.952.600;40.220.001.220.703.100;10.218.266.731.063.200;11.379.518.710.027.800
23.12.2013;11.781.973.266.601.500;3.980.799.865.722.650;10.215.255.261.954.300;11.449.508.176.566.600
30.12.2013;11.721.173.477.172.800;39.644.000.244.140.600;10.205.880.476.835.600;11.902.076.491.786.900
06.01.2014;1.169.559.326.171.870;3.976.600.036.621.090;1.021.619.200.707.960;11.981.926.393.545.700
13.01.2014;11.720.187.377.929.600;3.996.099.853.515.620;10.213.266.881.479.600;12.129.970.959.096.100
20.01.2014;11.737.367.820.739.700;3.876.000.061.035.150;10.213.097.800.613.300;1.225.782.106.691.620
27.01.2014;11.592.700.576.782.200;35.869.000.244.140.600;10.222.077.205.453.200;12.349.925.262.013.700
03.02.2014;1.165.340.518.951.410;3.610.799.865.722.650;10.216.326.832.466.800;12.323.339.671.188.500
10.02.2014;11.741.109.848.022.400;3.573.500.061.035.150;10.217.022.656.127.000;12.429.193.365.900.800
17.02.2014;11.681.130.409.240.700;346.760.009.765.625;10.221.573.607.475.800;12.345.566.618.971.400
24.02.2014;11.684.298.896.789.500;3.621.000.061.035.150;10.211.149.992.565.300;12.328.675.586.729.200
03.03.2014;11.697.741.317.749.000;37.205.999.755.859.300;10.203.579.748.541.200;12.281.165.365.087.800
10.03.2014;11.679.338.073.730.400;373.739.990.234.375;10.202.985.371.209.700;12.303.501.628.902.200
17.03.2014;11.705.518.913.269.000;3.606.199.951.171.870;10.212.107.128.568.800;12.600.589.184.985.300
24.03.2014;11.718.289.184.570.300;3.382.900.085.449.210;10.195.129.742.594.500;12.377.903.358.257.600
31.03.2014;1.170.215.835.571.280;323.0;1.020.132.868.107.120;12.475.225.884.766.600
07.04.2014;11.663.078.117.370.600;3.117.300.109.863.280;10.209.200.306.689.000;12.286.511.162.841.000
14.04.2014;11.680.137.825.012.200;3.249.100.036.621.090;10.203.722.622.192.500;12.240.813.712.632.600
21.04.2014;1.183.056.755.065.910;3.038.299.865.722.650;10.201.577.472.405.600;12.386.350.940.342.600
28.04.2014;11.896.628.189.086.900;308.010.009.765.625;10.184.645.033.693.300;1.240.669.924.003.260
05.05.2014;11.874.096.298.217.700;292.239.990.234.375;10.191.401.908.643.100;12.285.393.386.099.800
12.05.2014;11.923.089.027.404.700;29.770.001.220.703.100;10.184.704.286.877.700;12.209.800.904.898.000
19.05.2014;11.976.580.619.812.000;312.239.990.234.375;10.186.685.731.980.400;12.304.988.237.901.900
26.05.2014;12.037.313.842.773.400;31.254.998.779.296.800;10.173.512.504.798.100;12.227.421.698.013.500
02.06.2014;12.077.770.233.154.200;3.296.700.134.277.340;10.182.350.825.626.700;12.266.116.424.261.300
09.06.2014;12.056.496.238.708.400;3.262.699.890.136.710;10.175.419.289.945.900;1.228.397.243.562.480
16.06.2014;12.048.160.362.243.600;32.420.001.220.703.100;10.173.785.797.211.800;12.216.214.000.970.100
23.06.2014;12.072.267.150.878.900;32.457.000.732.421.800;10.180.941.373.774.100;12.490.339.012.984.200
30.06.2014;12.118.452.072.143.500;337.489.990.234.375;10.182.246.773.585.300;12.582.007.986.952.500
07.07.2014;1.214.526.252.746.580;34.620.001.220.703.100;10.172.819.490.933.700;12.339.786.392.939.000
14.07.2014;12.127.463.912.963.800;3.586.600.036.621.090;10.172.380.149.735.300;12.375.134.243.494.900
21.07.2014;12.200.460.052.490.200;324.010.009.765.625;10.176.296.724.025.200;123.056.124.143.181
28.07.2014;12.165.764.427.185.000;30.705.999.755.859.300;10.175.183.316.106.600;12.422.815.169.002.800
04.08.2014;12.134.447.860.717.700;31.679.998.779.296.800;10.174.500.268.693.400;1.233.678.459.766.030
11.08.2014;12.218.424.034.118.600;3.336.300.048.828.120;10.170.697.157.949.900;12.334.966.594.619.200
18.08.2014;12.294.046.974.182.100;3.315.899.963.378.900;10.167.023.965.752.400;12.409.591.573.383.100
25.08.2014;12.320.764.350.891.100;3.390.400.085.449.210;10.164.709.896.866.200;12.529.437.848.578.400
01.09.2014;12.240.839.004.516.600;3.463.800.048.828.120;10.154.992.145.209.400;12.391.576.894.106.200
08.09.2014;1.230.174.560.546.870;33.119.000.244.140.600;10.158.219.570.954.900;12.362.518.493.149.300
15.09.2014;12.285.896.110.534.600;33.132.000.732.421.800;1.016.307.667.161.460;12.316.165.809.717.900
22.09.2014;12.281.141.090.393.000;3.232.099.914.550.780;10.157.424.841.849.700;12.248.016.863.960.400
29.09.2014;1.225.555.591.583.250;322.739.990.234.375;10.151.017.378.644.100;1.247.649.801.389.950
06.10.2014;1.228.068.790.435.790;3.113.900.146.484.370;10.146.046.514.043.100;12.539.502.047.038.100
13.10.2014;12.211.405.181.884.700;3.036.400.146.484.370;10.139.106.237.579.900;12.393.932.979.820.500
20.10.2014;12.382.349.586.486.800;28.705.999.755.859.300;10.140.407.468.524.900;12.520.086.107.365.600
27.10.2014;12.445.292.663.574.200;3.054.599.914.550.780;10.146.429.564.983.100;12.798.301.976.671.800
03.11.2014;12.468.161.392.211.900;2.998.599.853.515.620;101.508.497.638.416;12.943.238.300.498.000
10.11.2014;12.596.427.917.480.400;32.782.000.732.421.800;1.015.870.531.504.070;12.759.525.863.438.900
17.11.2014;12.648.502.540.588.300;3.326.300.048.828.120;10.149.100.742.793.200;12.710.499.417.535.400
24.11.2014;1.270.444.164.276.120;3.386.400.146.484.370;10.157.381.814.278.900;12.884.240.651.190.900
01.12.2014;12.615.074.729.919.400;3.126.300.048.828.120;10.154.346.081.962.900;12.805.947.054.876.800
08.12.2014;12.495.236.015.319.800;30.732.000.732.421.800;10.154.310.992.001.100;1.287.558.828.291.940
15.12.2014;12.541.852.188.110.300;2.998.999.938.964.840;10.148.398.058.038.700;12.988.202.562.621.100
22.12.2014;12.592.106.628.417.900;3.090.899.963.378.900;10.140.474.856.182.400;1.288.079.915.792.050
29.12.2014;12.486.140.060.424.800;3.085.199.890.136.710;10.136.059.114.467.800;12.886.012.615.516.100
05.01.2015;1.254.708.251.953.120;29.692.999.267.578.100;10.126.383.587.660.200;12.481.228.509.787.700
12.01.2015;12.410.188.674.926.700;290.739.990.234.375;1.011.721.660.534.110;12.365.853.575.956.500
19.01.2015;12.569.139.671.325.600;3.123.900.146.484.370;10.101.680.575.259.400;12.346.987.221.751.700
26.01.2015;12.664.192.581.176.700;3.545.299.987.792.960;10.110.995.069.094.700;12.205.270.578.941.100
02.02.2015;1.270.444.164.276.120;3.742.799.987.792.960;1.012.500.667.822.340;12.416.716.066.126.100
09.02.2015;1.290.117.588.043.210;3.818.299.865.722.650;10.125.572.454.914.900;12.251.556.187.946.700
16.02.2015;1.295.642.318.725.580;3.836.600.036.621.090;1.011.092.824.829.730;12.209.895.446.595.000
23.02.2015;12.932.680.892.944.300;3.801.600.036.621.090;10.111.573.809.196.300;1.223.806.862.983.450
02.03.2015;12.890.217.781.066.800;3.800.899.963.378.900;10.126.359.372.568.000;1.242.669.071.272.370
09.03.2015;1.282.150.058.746.330;3.705.799.865.722.650;10.114.738.285.059.600;12.260.687.254.848.300
16.03.2015;12.874.237.060.546.800;378.489.990.234.375;1.012.876.040.511.500;12.415.559.812.016.600
23.03.2015;12.813.738.822.937.000;37.055.999.755.859.300;1.013.326.327.868.710;12.429.245.863.640.100
30.03.2015;12.860.996.437.072.700;372.25;10.110.787.843.964.500;12.319.680.986.092.100
06.04.2015;12.901.632.499.694.800;3.826.499.938.964.840;10.115.514.139.300.200;1.238.893.034.093.310
13.04.2015;128.479.829.788.208;37.555.999.755.859.300;10.117.538.439.778.500;12.425.980.638.295.500
20.04.2015;1.297.423.038.482.660;4.451.000.061.035.150;10.114.076.320.369.400;12.363.823.785.990.300
27.04.2015;12.943.867.111.206.000;4.228.699.951.171.870;10.098.752.571.322.900;12.384.817.816.563.400
04.05.2015;12.913.503.456.115.700;43.369.000.244.140.600;10.093.361.272.379.100;12.349.482.247.386.200
11.05.2015;1.295.203.742.980.950;426.0;10.109.660.390.241.800;12.375.850.534.033.100
18.05.2015;1.303.846.378.326.410;4.276.300.048.828.120;10.103.594.618.605.400;12.470.170.687.185.800
25.05.2015;12.986.653.900.146.400;4.292.300.109.863.280;1.008.858.125.790.960;12.680.419.861.973.800
01.06.2015;12.949.285.888.671.800;42.695.001.220.703.100;10.092.588.648.431.800;1.253.614.007.946.790
08.06.2015;12.915.357.398.986.800;4.299.200.134.277.340;10.093.079.493.856.900;1.281.607.627.133.610
15.06.2015;12.902.290.153.503.400;4.349.200.134.277.340;10.085.506.188.472.500;12.578.711.286.337.200
22.06.2015;12.905.728.912.353.500;4.381.000.061.035.150;10.090.529.678.353.900;12.572.197.388.743.300
29.06.2015;12.898.622.131.347.600;4.377.099.914.550.780;10.083.487.207.886.900;12.658.733.986.603.200
06.07.2015;12.826.179.695.129.300;443.510.009.765.625;10.079.983.094.304.900;12.706.962.733.650.400
13.07.2015;12.971.523.475.646.900;483.010.009.765.625;10.070.623.848.835.700;12.640.543.500.457.800
20.07.2015;12.854.147.911.071.700;5.294.199.829.101.560;10.080.830.727.482.500;1.262.687.626.036.770
27.07.2015;12.780.788.612.365.700;5.361.500.244.140.620;10.079.920.924.013.500;1.257.725.251.864.630
03.08.2015;12.648.282.432.556.100;5.226.199.951.171.870;10.069.995.766.106.600;12.515.703.877.428.100
10.08.2015;12.670.402.336.120.600;53.152.001.953.125;10.084.645.037.476.000;12.634.553.263.905.100
17.08.2015;12.435.510.444.641.100;4.944.700.012.207.030;10.088.559.960.397.500;12.692.295.128.903.700
24.08.2015;12.608.915.901.184.000;518.010.009.765.625;10.086.467.562.960.400;12.617.041.293.225.600
31.08.2015;12.516.341.018.676.700;499.0;10.094.196.278.643.100;12.743.161.222.276.100
07.09.2015;12.630.102.348.327.600;5.294.400.024.414.060;10.085.537.029.667.700;12.795.064.056.878.900
14.09.2015;12.612.600.708.007.800;540.260.009.765.625;1.008.274.725.950.110;1.291.186.534.973.540
21.09.2015;12.641.616.249.084.400;524.25;10.079.147.039.482.500;13.006.074.043.357.400
28.09.2015;12.541.902.351.379.300;5.325.399.780.273.430;10.087.432.641.131.300;12.911.260.412.464.500
05.10.2015;12.581.972.885.131.800;5.397.999.877.929.680;10.084.565.737.863.900;1.285.184.523.999.580
12.10.2015;12.557.101.631.164.500;570.760.009.765.625;10.088.787.503.125.000;12.960.738.102.854.700
19.10.2015;12.742.252.159.118.600;599.030.029.296.875;10.090.219.810.529.000;130.528.073.325.181
26.10.2015;12.751.924.324.035.600;6.259.000.244.140.620;10.090.972.558.571.900;13.063.131.895.061.000
02.11.2015;12.787.848.472.595.200;6.593.699.951.171.870;10.084.432.220.355.500;13.091.521.657.786.700
09.11.2015;12.598.112.297.058.100;6.423.499.755.859.370;10.088.762.234.469.800;1.327.187.895.599.060
16.11.2015;12.759.078.407.287.500;6.684.500.122.070.310;10.069.227.363.961.300;13.206.638.196.282.000
23.11.2015;12.724.618.530.273.400;673.260.009.765.625;10.061.577.647.646.100;132.920.980.061.908
30.11.2015;12.752.833.938.598.600;6.726.400.146.484.370;10.044.136.200.912.700;1.327.851.445.867.410
07.12.2015;12.617.539.596.557.600;6.401.500.244.140.620;10.050.836.527.150.000;13.262.888.143.088.400
14.12.2015;12.452.180.099.487.300;6.641.400.146.484.370;10.058.392.669.152.600;1.342.188.057.605.270
21.12.2015;12.498.434.638.977.000;6.627.899.780.273.430;10.047.703.612.488.100;13.546.088.853.245.200
28.12.2015;12.434.371.757.507.300;6.758.900.146.484.370;10.050.505.382.770.300;1.366.983.368.022.080
04.01.2016;12.242.415.428.161.600;6.070.499.877.929.680;10.041.544.737.353.300;13.861.960.295.569.500
11.01.2016;12.246.347.236.633.300;5.701.799.926.757.810;1.005.091.957.692.030;13.878.733.800.052.800
18.01.2016;12.345.563.316.345.200;5.963.800.048.828.120;10.045.333.880.167.200;13.987.258.971.380.400
25.01.2016;12.251.204.109.191.800;587.0;10.065.018.401.415.000;1.395.784.841.560.500
01.02.2016;12.174.421.882.629.300;5.021.300.048.828.120;1.007.471.217.157.120;14.017.052.912.115.300
08.02.2016;12.185.523.223.876.900;5.070.799.865.722.650;10.085.545.584.376.000;14.012.827.744.235.300
15.02.2016;12.233.191.680.908.200;5.349.000.244.140.620;10.080.795.164.614.600;14.040.432.449.472.800
22.02.2016;12.253.420.829.772.900;55.522.998.046.875;10.062.920.433.889.000;14.138.035.502.047.000
29.02.2016;12.395.262.718.200.600;5.751.400.146.484.370;10.056.985.039.375.400;14.036.493.206.868.400
07.03.2016;12.377.823.448.181.100;5.696.099.853.515.620;10.054.897.787.975.100;14.344.227.497.888.300
14.03.2016;1.246.292.839.050.290;5.520.800.170.898.430;1.005.206.528.137.100;1.421.426.630.351.550
21.03.2016;12.457.114.791.870.100;5.829.500.122.070.310;1.004.541.420.000.840;14.055.892.566.970.400
28.03.2016;1.255.756.664.276.120;598.5;10.038.338.812.818.200;14.232.731.279.723.000
04.04.2016;12.526.640.701.293.900;5.945.999.755.859.370;10.029.975.257.964.200;1.435.963.923.487.630
11.04.2016;12.554.311.180.114.700;6.258.900.146.484.370;10.050.354.849.107.900;14.463.620.228.233.200
18.04.2016;12.457.347.869.873.000;620.5;10.045.312.455.117.500;14.568.965.356.642.600
25.04.2016;12.179.710.006.713.800;6.595.900.268.554.680;10.039.702.345.564.600;14.581.750.093.905.900
02.05.2016;12.155.992.126.464.800;6.739.500.122.070.310;10.010.835.316.304.300;144.654.964.538.431
09.05.2016;121.176.513.671.875;7.099.199.829.101.560;10.018.297.770.663.300;14.490.927.455.974.300
16.05.2016;12.227.604.293.823.200;7.027.999.877.929.680;10.016.198.688.130.800;14.407.291.371.055.400
23.05.2016;12.347.617.149.353.000;712.239.990.234.375;1.001.028.158.397.280;1.456.218.700.363.660
30.05.2016;1.229.076.919.555.660;7.255.399.780.273.430;1.000.323.231.958.990;14.555.334.419.743.200
06.06.2016;12.312.057.876.586.900;7.179.099.731.445.310;9.996.295.662.055.880;14.449.735.876.544.200
13.06.2016;12.230.178.451.538.000;7.063.900.146.484.370;10.008.778.104.180.500;1.441.774.620.715.730
20.06.2016;12.185.027.122.497.500;6.989.600.219.726.560;10.004.244.569.129.500;1.449.169.936.245.140
27.06.2016;12.243.279.075.622.500;7.256.799.926.757.810;10.022.320.304.456.100;14.424.497.794.389.200
04.07.2016;12.261.760.330.200.100;7.458.099.975.585.930;10.034.460.853.739.900;14.320.321.129.360.100
11.07.2016;12.310.888.481.140.100;7.354.400.024.414.060;10.032.668.223.136.000;14.369.538.241.726.300
18.07.2016;12.308.081.436.157.200;7.448.599.853.515.620;1.002.108.903.767.470;14.419.108.345.082.900
25.07.2016;12.437.918.853.759.700;7.588.099.975.585.930;100.307.132.535.544;14.360.430.767.723.200
01.08.2016;12.514.418.411.254.800;76.597.998.046.875;10.029.257.168.726.900;14.307.148.068.723.200
08.08.2016;12.544.503.974.914.500;7.725.599.975.585.930;10.026.116.443.769.000;14.354.654.944.923.100
15.08.2016;12.572.259.521.484.300;7.573.099.975.585.930;10.031.323.914.742.600;14.161.142.089.334.600
22.08.2016;12.515.337.944.030.700;769.0;10.047.939.158.228.800;1.397.599.028.647.850
29.08.2016;12.533.920.097.351.000;7.724.400.024.414.060;10.026.438.439.296.200;13.889.556.582.189.000
05.09.2016;12.425.723.075.866.600;7.601.400.146.484.370;10.013.854.972.937.700;13.873.799.275.861.100
12.09.2016;12.703.036.308.288.500;77.852.001.953.125;1.000.465.344.588.290;13.930.807.766.721.500
19.09.2016;12.651.054.763.793.900;805.75;10.018.017.194.027.200;14.150.267.612.945.800
26.09.2016;12.659.051.895.141.600;8.373.099.975.585.930;10.014.338.778.146.500;14.285.779.012.450.100
03.10.2016;12.682.807.540.893.500;8.394.299.926.757.810;10.025.291.076.755.200;1.427.721.632.651.620
10.10.2016;12.766.777.992.248.500;8.229.600.219.726.560;10.040.674.309.891.900;14.288.778.557.703.300
17.10.2016;12.742.551.612.854.000;818.989.990.234.375;10.035.397.990.079.400;14.159.818.135.372.000
24.10.2016;12.674.810.791.015.600;7.763.200.073.242.180;10.034.260.994.642.700;1.417.135.652.711.970
31.10.2016;12.560.028.266.906.700;7.550.499.877.929.680;10.035.117.171.927.500;14.144.621.038.779.100
07.11.2016;1.256.347.885.131.830;739.010.009.765.625;10.039.128.622.009.800;14.204.412.977.199.500
14.11.2016;1.260.201.473.236.080;7.601.599.731.445.310;10.037.848.247.941.800;14.101.114.090.679.300
21.11.2016;12.642.915.153.503.400;7.803.699.951.171.870;10.041.059.384.931.200;1.418.844.884.926.910
28.11.2016;1.259.823.226.928.710;7.403.400.268.554.680;10.021.731.969.030.000;14.420.109.174.782.600
05.12.2016;12.693.981.742.858.800;7.686.599.731.445.310;10.014.454.950.687.600;14.418.845.951.811.300
12.12.2016;12.741.738.319.396.900;75.777.001.953.125;10.001.652.973.677.900;14.491.186.992.142.900
19.12.2016;12.754.741.096.496.500;7.605.900.268.554.680;10.010.081.546.987.900;14.605.688.235.488.900
26.12.2016;12.738.191.795.349.100;7.498.699.951.171.870;10.004.113.034.500.200;1.456.169.291.246.380
02.01.2017;12.787.602.996.826.100;795.989.990.234.375;9.995.267.341.108.700;14.608.886.264.417.400
09.01.2017;1.281.431.884.765.620;8.171.400.146.484.370;9.992.403.045.267.540;14.625.334.760.190.000
16.01.2017;12.837.014.961.242.600;8.083.300.170.898.430;10.000.248.276.629.400;14.654.245.551.343.700
23.01.2017;1.288.311.595.916.740;83.577.001.953.125;10.015.015.943.011.700;14.555.621.045.032.900
30.01.2017;13.051.682.090.759.200;8.102.000.122.070.310;10.004.025.792.802.100;1.457.374.427.416.060
06.02.2017;13.123.552.703.857.400;8.274.600.219.726.560;10.001.275.049.227.800;1.466.089.501.589.050
13.02.2017;1.322.257.537.841.790;8.450.700.073.242.180;10.011.241.137.494.600;14.888.306.551.775.100
20.02.2017;13.244.894.790.649.400;845.239.990.234.375;10.005.655.036.310.800;15.046.014.039.576.100
27.02.2017;13.318.976.211.547.800;8.498.800.048.828.120;10.018.886.055.893.400;15.385.028.188.470.600
06.03.2017;1.330.377.960.205.070;8.524.600.219.726.560;1.001.708.176.792.460;15.282.356.577.805.200
13.03.2017;1.332.396.354.675.290;8.523.099.975.585.930;1.003.091.815.821.410;15.430.950.084.588.400
20.03.2017;13.339.396.286.010.700;8.456.099.853.515.620;10.041.079.388.944.500;1.547.467.244.806.260
27.03.2017;13.411.104.202.270.500;8.865.399.780.273.430;1.004.370.593.939.510;15.829.011.951.684.200
03.04.2017;13.403.506.088.256.800;8.948.800.048.828.120;10.039.243.237.349.200;15.716.895.331.441.700
10.04.2017;13.349.132.537.841.700;8.846.699.829.101.560;10.027.374.197.720.300;15.600.634.023.762.400
17.04.2017;13.378.099.822.998.000;898.530.029.296.875;10.025.856.378.693.100;15.522.725.604.805.000
24.04.2017;13.410.867.309.570.300;924.989.990.234.375;10.044.549.273.364.700;152.085.618.249.931
01.05.2017;13.536.949.157.714.800;9.341.500.244.140.620;10.031.356.551.996.700;1.514.381.060.929.770
08.05.2017;1.370.648.307.800.290;9.613.499.755.859.370;10.034.818.654.305.800;15.043.992.807.368.000
15.05.2017;1.364.930.191.040.030;9.598.400.268.554.680;1.003.351.544.224.920;1.508.166.203.059.560
22.05.2017;13.662.414.932.250.900;995.780.029.296.875;10.038.424.448.592.800;15.148.286.173.862.300
29.05.2017;13.706.284.713.745.100;100.672.998.046.875;1.003.574.700.320.640;1.544.764.218.787.110
05.06.2017;13.552.024.459.838.800;9.783.099.975.585.930;10.037.023.718.125.300;15.609.907.903.850.200
12.06.2017;13.392.043.685.913.000;9.877.100.219.726.560;1.003.290.345.110.310;15.535.463.682.411.200
19.06.2017;13.487.650.680.541.900;1.003.739.990.234.370;10.043.816.140.898.700;1.541.142.626.110.880
26.06.2017;1.343.376.693.725.580;968.0;10.037.432.431.437.600;15.502.649.447.750.900
03.07.2017;1.343.758.087.158.200;978.760.009.765.625;10.030.062.623.268.900;15.313.480.971.221.400
10.07.2017;1.355.345.573.425.290;10.018.099.975.585.900;10.045.866.170.845.200;1.560.925.454.179.750
17.07.2017;13.582.781.219.482.400;10.256.700.439.453.100;10.043.132.784.973.000;15.808.965.606.950.800
24.07.2017;13.564.423.370.361.300;10.200.399.780.273.400;10.046.930.170.104.700;1.575.060.275.508.030
31.07.2017;1.372.869.644.165.030;9.875.800.170.898.430;10.036.937.301.151.000;15.496.524.343.498.200
07.08.2017;13.754.684.448.242.100;967.989.990.234.375;10.028.893.693.129.000;15.721.824.029.884.100
14.08.2017;13.769.907.760.620.100;958.469.970.703.125;10.029.714.470.085.000;15.719.538.100.999.300
21.08.2017;13.826.397.705.078.100;945.260.009.765.625;10.020.872.266.912.800;1.592.983.664.588.140
28.08.2017;13.926.688.385.009.700;978.25;10.016.582.112.445.300;15.691.776.761.044.500
04.09.2017;1.379.695.587.158.200;9.659.000.244.140.620;10.007.045.571.940.500;15.613.415.947.242.200
11.09.2017;13.826.875.686.645.500;9.867.899.780.273.430;10.004.261.235.397.200;1.562.984.808.383.750
18.09.2017;1.363.562.774.658.200;9.550.999.755.859.370;9.994.627.510.469.510;15.652.820.927.355.600
25.09.2017;13.689.004.135.131.800;9.613.499.755.859.370;9.995.643.468.227.740;15.598.025.805.976.500
02.10.2017;13.717.248.153.686.500;9.895.800.170.898.430;9.974.768.614.235.110;15.710.776.124.962.500
09.10.2017;13.757.701.110.839.800;10.029.400.024.414.000;9.977.932.434.481.760;1.555.875.544.556.280
16.10.2017;13.739.987.564.086.900;9.829.099.731.445.310;9.980.812.615.854.060;15.552.161.725.129.300
23.10.2017;13.902.752.304.077.100;1.100.949.951.171.870;9.978.657.381.721.030;15.586.422.458.046.500
30.10.2017;14.128.947.067.260.700;11.115.999.755.859.300;9.997.728.373.409.700;15.682.191.490.469.200
06.11.2017;14.180.887.603.759.700;11.253.499.755.859.300;10.000.859.647.130.400;15.809.470.489.816.200
13.11.2017;1.408.733.901.977.530;11.298.800.048.828.100;10.013.464.884.251.000;15.647.480.000.680.900
20.11.2017;14.203.124.237.060.500;1186.0;10.022.835.189.809.900;15.423.077.272.628.100
27.11.2017;14.108.958.435.058.500;11.623.499.755.859.300;10.022.568.853.296.100;1.563.555.743.343.660
04.12.2017;14.068.600.845.336.900;1162.0;10.014.757.462.569.900;15.703.152.139.072.500
11.12.2017;14.179.102.325.439.400;11.791.400.146.484.300;10.009.863.172.766.300;15.601.319.311.635.600
18.12.2017;14.204.085.159.301.700;11.683.599.853.515.600;10.009.466.078.489.400;15.858.920.803.657.200
25.12.2017;14.065.237.426.757.800;1.169.469.970.703.120;10.001.454.109.878.600;15.893.124.473.103.300
01.01.2018;1.420.384.521.484.370;12.291.400.146.484.300;10.000.995.388.522.200;16.096.444.766.947.500
08.01.2018;14.254.050.064.086.900;1.305.199.951.171.870;10.001.524.731.351.500;16.123.409.286.782.100
15.01.2018;14.286.960.983.276.300;12.945.799.560.546.800;9.992.614.868.847.880;16.471.795.518.366.500
22.01.2018;14.120.008.087.158.200;1.402.050.048.828.120;9.994.623.879.978.940;1.677.740.346.810.250
29.01.2018;1.385.552.635.192.870;1.429.949.951.171.870;9.987.214.725.476.040;16.752.411.151.889.300
05.02.2018;13.757.276.153.564.400;13.395.999.755.859.300;10.002.342.234.763.000;1.693.192.512.337.740
12.02.2018;14.158.996.200.561.500;144.868.994.140.625;999.352.905.955.257;1.705.813.162.104.880
19.02.2018;14.233.045.196.533.200;1500.0;9.995.550.245.695.220;17.308.652.725.160.900
26.02.2018;1.425.016.975.402.830;1500.25;9.990.590.826.301.020;17.158.946.127.030.700
05.03.2018;14.341.101.455.688.400;15.788.900.146.484.300;9.962.404.117.513.620;17.293.824.273.582.600
12.03.2018;14.293.826.293.945.300;15.716.800.537.109.300;9.949.015.657.892.680;17.494.160.168.680.500
19.03.2018;13.978.337.860.107.400;149.556.005.859.375;9.944.399.522.499.060;17.203.977.626.144.500
26.03.2018;14.046.839.141.845.700;14.473.399.658.203.100;9.935.872.470.128.020;17.017.614.073.992.100
02.04.2018;14.061.310.577.392.500;140.522.998.046.875;9.949.809.735.304.660;16.687.603.025.982.300
09.04.2018;14.214.472.198.486.300;14.307.900.390.625;9.944.595.766.365.840;16.659.333.085.951.300
16.04.2018;1.399.715.232.849.120;1.527.489.990.234.370;9.948.243.689.562.150;1.679.553.017.346.270
23.04.2018;1.391.514.434.814.450;15.726.199.951.171.800;9.948.112.903.279.900;1.706.465.453.563.410
30.04.2018;14.433.962.631.225.500;1.580.949.951.171.870;994.652.286.637.332;1.709.436.320.847.730
07.05.2018;14.548.773.574.829.100;16.029.100.341.796.800;9.946.157.933.945.750;1.738.985.902.831.550
14.05.2018;14.511.109.161.376.900;15.743.699.951.171.800;9.950.729.107.211.730;1.716.725.118.931.250
21.05.2018;14.566.072.845.458.900;16.101.500.244.140.600;9.954.220.285.520.630;16.891.994.498.423.100
28.05.2018;1.460.626.678.466.790;16.415.400.390.625;9.944.337.329.403.900;16.899.503.378.679.900
04.06.2018;1.464.161.720.275.870;1.683.989.990.234.370;994.344.975.540.709;1.698.130.803.557.840
11.06.2018;14.572.367.477.416.900;1.715.969.970.703.120;9.938.422.343.665.810;16.992.737.347.728.700
18.06.2018;14.477.452.850.341.700;17.156.700.439.453.100;9.938.835.193.595.270;1.665.841.507.920.020
25.06.2018;14.482.053.756.713.800;1.699.800.048.828.120;993.505.422.417.688;166.602.275.081.787
02.07.2018;14.551.302.337.646.400;17.106.300.048.828.100;9.939.586.242.492.800;1.645.956.014.912.790
09.07.2018;1.463.265.838.623.040;1.813.030.029.296.870;9.926.415.076.423.590;1.658.624.486.525.390
16.07.2018;14.635.321.426.391.600;1.813.699.951.171.870;9.916.989.839.707.200;1.666.363.599.288.850
23.07.2018;1.462.418.327.331.540;181.727.001.953.125;9.928.782.132.606.040;1.652.368.148.251.710
30.07.2018;15.036.044.692.993.100;18.232.900.390.625;9.929.809.572.322.410;16.455.295.431.334.900
06.08.2018;1.502.490.692.138.670;1.886.300.048.828.120;9.942.160.138.872.720;16.297.454.012.490.700
13.08.2018;15.286.723.709.106.400;1.882.219.970.703.120;9.947.558.746.995.200;16.303.536.369.449.700
20.08.2018;15.252.220.916.748.000;19.053.900.146.484.300;9.944.700.906.586.580;164.755.618.814.221
27.08.2018;15.530.916.595.458.900;20.127.099.609.375;9.954.915.315.765.680;16.329.633.538.558.200
03.09.2018;15.377.111.434.936.500;19.520.699.462.890.600;9.955.071.495.865.960;1.642.827.212.094.470
10.09.2018;15.438.827.896.118.100;197.018.994.140.625;9.951.581.307.410.890;1.635.758.822.857.730
17.09.2018;1.528.866.729.736.320;1.915.010.009.765.620;9.964.450.533.085.700;16.244.250.943.728.200
24.09.2018;15.484.993.743.896.400;2003.0;995.698.020.972.331;16.243.108.914.414.900
01.10.2018;15.449.761.962.890.600;18.896.500.244.140.600;996.702.371.020.205;16.091.196.485.370.600
08.10.2018;15.396.792.602.539.000;17.886.099.853.515.600;9.969.519.637.290.850;1.601.819.888.429.270
15.10.2018;15.328.758.239.746.000;1.764.030.029.296.870;9.956.623.185.089.330;15.842.338.619.951.100
22.10.2018;15.255.621.719.360.300;164.281.005.859.375;9.956.657.858.283.730;16.169.439.367.079.000
29.10.2018;15.041.315.841.674.800;1.665.530.029.296.870;994.542.183.292.649;16.191.310.725.100.800
05.11.2018;14.968.178.939.819.300;17.124.300.537.109.300;9.938.817.708.734.640;16.094.207.304.604.000
12.11.2018;14.718.767.547.607.400;15.934.100.341.796.800;9.939.721.095.092.260;1.614.473.988.233.240
19.11.2018;1.420.088.119.506.830;150.206.005.859.375;9.951.020.564.983.050;1.614.274.955.077.730
26.11.2018;14.354.248.046.875;16.901.700.439.453.100;9.933.616.140.234.110;1.612.322.173.129.200
03.12.2018;14.108.227.157.592.700;16.291.300.048.828.100;9.941.347.059.686.770;16.238.368.411.871.100
10.12.2018;14.034.835.052.490.200;15.919.100.341.796.800;9.945.110.795.513.740;1.637.761.367.298.880
17.12.2018;13.675.191.116.333.000;1.377.449.951.171.870;995.043.873.709.249;16.307.107.858.175.300
24.12.2018;13.809.296.035.766.600;147.802.001.953.125;995.556.092.101.544;16.229.515.664.464.500
31.12.2018;13.614.966.201.782.200;15.753.900.146.484.300;997.044.630.266.924;16.201.105.621.854.400
07.01.2019;1.371.322.898.864.740;164.056.005.859.375;998.002.759.456.467;15.844.370.048.245.600
14.01.2019;13.823.681.259.155.200;1.696.199.951.171.870;9.980.851.358.987.740;1.562.014.193.946.120
21.01.2019;13.846.600.723.266.600;16.705.699.462.890.600;9.959.785.593.302.530;15.849.269.782.109.500
28.01.2019;14.060.193.634.033.200;162.622.998.046.875;995.635.840.160.924;1.612.583.442.263.300
04.02.2019;14.155.041.122.436.500;1.588.219.970.703.120;9.957.056.912.034.280;1.610.180.111.766.410
11.02.2019;14.173.106.002.807.600;1.607.949.951.171.870;9.957.076.244.192.720;1.621.073.897.430.300
18.02.2019;14.235.549.545.288.000;163.156.005.859.375;9.948.657.734.854.750;16.277.405.663.387.500
25.02.2019;14.284.523.391.723.600;167.172.998.046.875;995.915.569.542.625;1.679.484.498.813.530
04.03.2019;1.423.407.974.243.160;1.620.800.048.828.120;9.956.359.978.182.520;16.999.670.704.024.900
11.03.2019;1.455.755.500.793.450;17.123.599.853.515.600;9.944.197.438.659.740;16.994.924.805.404.700
18.03.2019;14.678.277.206.420.800;176.477.001.953.125;9.947.351.179.354.920;168.495.263.508.449
25.03.2019;1.465.134.162.902.830;1780.75;9.932.559.751.081.540;1.659.569.728.115.170
01.04.2019;1.482.397.575.378.410;1.837.280.029.296.870;9.933.636.221.260.930;16.646.059.187.518.600
08.04.2019;1.486.976.661.682.120;184.306.005.859.375;9.933.689.401.858.540;16.536.802.653.980.900
15.04.2019;14.991.958.618.164.000;186.168.994.140.625;9.932.392.122.585.490;16.318.144.167.439.800
22.04.2019;15.002.732.467.651.300;19.506.300.048.828.100;9.936.947.716.902.050;16.228.953.616.208.900
29.04.2019;15.185.161.972.045.800;19.624.599.609.375;9.929.107.722.215.100;1.606.965.864.598.150
06.05.2019;14.828.384.399.414.000;188.997.998.046.875;9.921.451.926.114.470;16.356.846.206.257.900
13.05.2019;14.645.901.107.788.000;1869.0;9.914.249.942.421.130;1.651.741.151.160.160
20.05.2019;14.399.348.831.176.700;1.823.280.029.296.870;9.913.912.311.030.200;16.532.612.049.138.600
27.05.2019;14.303.481.674.194.300;17.750.699.462.890.600;9.896.098.039.170.990;16.793.818.084.214.400
03.06.2019;14.674.169.921.875;1.804.030.029.296.870;9.891.294.524.727.840;16.823.604.995.139.800
10.06.2019;14.737.836.837.768.500;18.696.700.439.453.100;9.901.780.333.265.900;1.669.552.954.821.790
17.06.2019;14.886.307.907.104.400;1.911.300.048.828.120;991.546.405.844.329;16.966.518.708.142.700
24.06.2019;14.865.167.999.267.500;18.936.300.048.828.100;9.913.956.513.558.990;17.074.919.500.232.700
01.07.2019;15.020.277.404.785.100;19.429.100.341.796.800;9.923.139.639.622.530;16.914.885.473.862.400
08.07.2019;14.997.416.305.541.900;2011.0;9.922.152.042.165.260;16.899.604.789.926.000
15.07.2019;14.979.964.065.551.700;196.452.001.953.125;9.919.862.742.783.790;16.768.528.370.425.400
22.07.2019;1.510.655.860.900.870;1.943.050.048.828.120;9.921.862.012.881.320;16.553.421.733.602.900
29.07.2019;1.501.511.573.791.500;1.823.239.990.234.370;9.920.493.220.211.080;16.723.289.230.781.400
05.08.2019;14.940.633.010.864.200;18.075.799.560.546.800;9.905.595.643.094.100;17.059.329.787.418.600
12.08.2019;1.509.536.361.694.330;17.925.699.462.890.600;9.900.628.054.988.010;16.837.802.862.488.300
19.08.2019;1.500.011.863.708.490;17.496.199.951.171.800;9.895.115.548.961.990;16.949.432.315.601.300
26.08.2019;15.150.635.528.564.400;17.762.900.390.625;989.279.476.036.279;1.685.610.152.604.710
02.09.2019;1.526.216.583.251.950;1.833.510.009.765.620;9.887.711.842.873.690;16.790.847.278.326.600
09.09.2019;15.397.630.310.058.500;18.393.399.658.203.100;9.890.225.963.657.360;16.708.170.166.499.900
16.09.2019;15.372.462.463.378.900;17.941.600.341.796.800;9.885.576.286.754.560;16.580.521.288.645.400
23.09.2019;15.399.358.749.389.600;1.725.449.951.171.870;9.887.009.059.761.990;16.605.146.948.785.100
30.09.2019;15.601.445.388.793.900;17.396.500.244.140.600;9.880.016.956.442.940;16.483.771.607.832.700
07.10.2019;1.582.845.458.984.370;17.319.200.439.453.100;987.342.134.488.651;1.654.483.686.489.990
14.10.2019;15.833.390.045.166.000;1.757.510.009.765.620;986.551.127.775.089;1.655.306.988.851.240
21.10.2019;16.084.333.419.799.800;17.613.299.560.546.800;9.852.302.034.857.340;1.653.006.972.120.590
28.10.2019;16.312.329.483.032.200;179.143.994.140.625;9.842.952.310.528.360;1.639.657.888.482.730
04.11.2019;1.641.892.547.607.420;17.858.800.048.828.100;9.848.189.400.227.140;16.318.404.697.510.400
11.11.2019;1.657.728.500.366.210;1.739.489.990.234.370;9.853.255.690.965.850;16.457.990.899.487.600
18.11.2019;16.478.783.416.748.000;1.745.719.970.703.120;9.845.436.104.248.620;16.556.889.795.540.300
25.11.2019;1.661.416.015.625;1.800.800.048.828.120;9.855.512.753.353.200;16.411.593.940.764.000
02.12.2019;1.669.979.248.046.870;17.515.999.755.859.300;9.855.939.359.684.750;16.444.307.549.323.800
09.12.2019;16.809.677.124.023.400;176.093.994.140.625;985.445.675.653.561;16.584.312.266.326.400
16.12.2019;16.915.850.830.078.100;1786.5;9.841.307.383.151.010;16.324.037.193.781.100
23.12.2019;1.717.224.884.033.200;1.869.800.048.828.120;9.828.769.059.851.780;16.429.059.550.875.100
30.12.2019;1.726.753.387.451.170;18.478.399.658.203.100;982.028.610.422.209;163.366.257.584.706
